(current year)	na	Palestinian Aid	na
/RUN	na	Palestinian Aid	na
??? HUNGRY - (Bitsy)	na	Palestinian Aid	na
??Trainsformation?? (+Characters)	na	Palestinian Aid	na
?RELEV????	na	Palestinian Aid	na
_________ (What Even Is That Thing?)	na	Palestinian Aid	na
10 Beautiful Postcards	na	Palestinian Aid	na
10mg: Cover Me In Leaves	na	Palestinian Aid	na
10mg: Locked In	na	Palestinian Aid	na
13 Thieves	na	Palestinian Aid	na
1400 SNEAK	na	Palestinian Aid	na
16x16 Simple Pixel Art Weapons	na	Palestinian Aid	na
2021 Subscription Bundle	na	Palestinian Aid	na
20x20x20	na	Palestinian Aid	na
2-3-5-7	na	Palestinian Aid	na
2400 BC: Ancient Apocalypse	na	Palestinian Aid	na
2ECONDS TO ST?RLIVHT: Forever My Diamond	na	Palestinian Aid	na
2ECONDS TO ST?RLIVHT: My Heart's Reflection	na	Palestinian Aid	na
3 BONES	na	Palestinian Aid	na
7 Second Haircuts	na	Palestinian Aid	na
8 Links	na	Palestinian Aid	na
96	na	Palestinian Aid	na
A Council of Cats	na	Palestinian Aid	na
A Day at the Crystal Market	na	Palestinian Aid	na
A day in the life of a writer	na	Palestinian Aid	na
A Dragon And A Bear Sing A Song	na	Palestinian Aid	na
A Hell of a Journey	na	Palestinian Aid	na
A Long Walk Home	na	Palestinian Aid	na
A Pestilence of Maths: A Mörk Borg Adventure	na	Palestinian Aid	na
a shower story	na	Palestinian Aid	na
A tale at the bonfire	na	Palestinian Aid	na
A Torch in the Dark	na	Palestinian Aid	na
A Wave of Lights	na	Palestinian Aid	na
A Wood Heart	na	Palestinian Aid	na
Aarre Safari Ride	na	Palestinian Aid	na
Abandoned Fortress Battlemap (36 x 33)	na	Palestinian Aid	na
Abyss Below	na	Palestinian Aid	na
AcChen - Tile matching the Arcade way	na	Palestinian Aid	na
Ace Baker	na	Palestinian Aid	na
Adrift	na	Palestinian Aid	na
Adrift in Turbulent Waters	na	Palestinian Aid	na
Advent NEON (DEMO)	na	Palestinian Aid	na
Æthernet	na	Palestinian Aid	na
AFTER SCHOOL	na	Palestinian Aid	na
Agoraphobia	na	Palestinian Aid	na
Agouro	na	Palestinian Aid	na
AI Cards	na	Palestinian Aid	na
Alchemist's Castle	na	Palestinian Aid	na
ALEPH {a life}	na	Palestinian Aid	na
Alien Death Mob	na	Palestinian Aid	na
Alisa | The Awakening Demo	na	Palestinian Aid	na
ALL @ ONCE	na	Palestinian Aid	na
All Hams on Deck!	na	Palestinian Aid	na
All My Exes are in Mechsuits	na	Palestinian Aid	na
Alone In Between	na	Palestinian Aid	na
Alone in the Grey	na	Palestinian Aid	na
Alone on a Map	na	Palestinian Aid	na
Alpha Dog	na	Palestinian Aid	na
Among the Innocent: A Stricken Tale	na	Palestinian Aid	na
An Altogether Different River	na	Palestinian Aid	na
An Oath In Kind	na	Palestinian Aid	na
An Ode to Todd the Toad: Frogcare!	na	Palestinian Aid	na
Anarchopunk 2020	na	Palestinian Aid	na
And Other Stories	na	Palestinian Aid	na
Animal Crackers	na	Palestinian Aid	na
Another Perspective	na	Palestinian Aid	na
Apparition	na	Palestinian Aid	na
Arcus	na	Palestinian Aid	na
Asteroids, Inc.	na	Palestinian Aid	na
Astronomia	na	Palestinian Aid	na
Attention Heroes!	na	Palestinian Aid	na
Augma II Arc I	na	Palestinian Aid	na
augur	na	Palestinian Aid	na
Aye Aye Captain	na	Palestinian Aid	na
Azrael's Stop	na	Palestinian Aid	na
b i t t e r h e i m	na	Palestinian Aid	na
Babel	na	Palestinian Aid	na
Baby Labor	na	Palestinian Aid	na
Ball vs Block	na	Palestinian Aid	na
Balloon Party	na	Palestinian Aid	na
Ballsy! World Cup 2020	na	Palestinian Aid	na
Bart vs. My Hopes & Dreams	na	Palestinian Aid	na
Basil goes O.U.T.S.I.D.E.	na	Palestinian Aid	na
BBQ DAD: First Bite	na	Palestinian Aid	na
BEACH EPISODE	na	Palestinian Aid	na
Bear	na	Palestinian Aid	na
becoming the future	na	Palestinian Aid	na
Before I Forget	na	Palestinian Aid	na
Being	na	Palestinian Aid	na
Bem Feito	na	Palestinian Aid	na
Beppo's Hole in One Golf	na	Palestinian Aid	na
Beyond The Bow	na	Palestinian Aid	na
Big Gay Roadtrip	na	Palestinian Aid	na
Black Box	na	Palestinian Aid	na
Black Sheep	na	Palestinian Aid	na
Blackjack Bounty	na	Palestinian Aid	na
BlackJack Math	na	Palestinian Aid	na
Blinck Island Returns	na	Palestinian Aid	na
Blobbins	na	Palestinian Aid	na
Block Swap	na	Palestinian Aid	na
Blood Under the Bridge	na	Palestinian Aid	na
BLOOD VOID MASS	na	Palestinian Aid	na
Bloomblebee	na	Palestinian Aid	na
Blue Bayou	na	Palestinian Aid	na
Bond: Wish of the Forest	na	Palestinian Aid	na
Book of Common Games	na	Palestinian Aid	na
Borbo's Quest	na	Palestinian Aid	na
Born to Run	na	Palestinian Aid	na
Bottle of Rum	na	Palestinian Aid	na
Boys Work	na	Palestinian Aid	na
Brave Zenith - Playtest	na	Palestinian Aid	na
Breaker Blocks - Print & Play	na	Palestinian Aid	na
Breakfast Cult	na	Palestinian Aid	na
Bring Your Own Oxygen	na	Palestinian Aid	na
BROCCOLI QUEST	na	Palestinian Aid	na
Brother, Silent	na	Palestinian Aid	na
Building Relationships	na	Palestinian Aid	na
Bullet Heaven 2	na	Palestinian Aid	na
Bumble Butt	na	Palestinian Aid	na
Burger Maestro	na	Palestinian Aid	na
burgerline	na	Palestinian Aid	na
Bus of the Desert	na	Palestinian Aid	na
butterflowers	na	Palestinian Aid	na
Caduceus	na	Palestinian Aid	na
Cairn	na	Palestinian Aid	na
Calico	na	Palestinian Aid	na
Calm Horizon	na	Palestinian Aid	na
Can Androids Pray: Blue	na	Palestinian Aid	na
Cannonhead Clash (Atari 2600)	na	Palestinian Aid	na
Cantrip	na	Palestinian Aid	na
Canvas Colors: In The Moving City	na	Palestinian Aid	na
Card Clash	na	Palestinian Aid	na
Castle of Memories	na	Palestinian Aid	na
Casual Controller UI Overlay Graphics	na	Palestinian Aid	na
Cat Tower	na	Palestinian Aid	na
Cathode Ray Tube VR	na	Palestinian Aid	na
Cats and Coins	na	Palestinian Aid	na
Ceilings	na	Palestinian Aid	na
Celeste (English Version)	na	Palestinian Aid	na
Celestial Links	na	Palestinian Aid	na
Cellular Harvest: Purple	na	Palestinian Aid	na
Centuries Outside History	na	Palestinian Aid	na
Chambara	na	Palestinian Aid	na
Chamber.Repeat();	na	Palestinian Aid	na
Chaussettes !	na	Palestinian Aid	na
Chess and Dungeons	na	Palestinian Aid	na
chickenswamp (5/10)	na	Palestinian Aid	na
Classic JRPG Music Pack // Grand Pack	na	Palestinian Aid	na
Cleansuit	na	Palestinian Aid	na
Clear Eyes / Full Hearts	na	Palestinian Aid	na
Click Miner (Ludum Dare 48)	na	Palestinian Aid	na
CLOSED HANDS	na	Palestinian Aid	na
Clouds Holidays Expo	na	Palestinian Aid	na
cloudshear	na	Palestinian Aid	na
Clover Sans	na	Palestinian Aid	na
Clown Helsing	na	Palestinian Aid	na
Cobwebs	na	Palestinian Aid	na
Code Dungeon	na	Palestinian Aid	na
Compassion	na	Palestinian Aid	na
Con R?ng Cháu Tiên	na	Palestinian Aid	na
Concave Shooter	na	Palestinian Aid	na
Control : Override	na	Palestinian Aid	na
Conversations With My Anxiety	na	Palestinian Aid	na
Cook & Hero	na	Palestinian Aid	na
Cookies	na	Palestinian Aid	na
Coriander and The Fall of Orion	na	Palestinian Aid	na
CORPUS	na	Palestinian Aid	na
Cosmic Courier: Trapped in Limbo	na	Palestinian Aid	na
Cosmic Metal + Fuel	na	Palestinian Aid	na
Cosmonauts	na	Palestinian Aid	na
Crab Bucket	na	Palestinian Aid	na
Craft a King	na	Palestinian Aid	na
Crawl Space	na	Palestinian Aid	na
CRNVRS (en, updated version)	na	Palestinian Aid	na
Cross The Road	na	Palestinian Aid	na
Cryptid (Mis)Communication	na	Palestinian Aid	na
Cursed to Golf	na	Palestinian Aid	na
Cyber Hamster Tilt	na	Palestinian Aid	na
Cyberhold (Prototype)	na	Palestinian Aid	na
Dark Abstract Backgrounds	na	Palestinian Aid	na
Dark Hope: A Puzzle Adventure	na	Palestinian Aid	na
De: Throne	na	Palestinian Aid	na
Dead Bone World - d6 Necromantic Failures for Troika!	na	Palestinian Aid	na
Dealings in Dungeons	na	Palestinian Aid	na
Dear Poppy	na	Palestinian Aid	na
death by flower arrangement	na	Palestinian Aid	na
Death Ray Manta SE	na	Palestinian Aid	na
Decommissioner - GBJAM8 2020	na	Palestinian Aid	na
Deep Nightly Fathoms	na	Palestinian Aid	na
Demetrios - The BIG Cynical Adventure	na	Palestinian Aid	na
Demon Crawl - Gothic (Quickstart Edition)	na	Palestinian Aid	na
demon DOIF	na	Palestinian Aid	na
Demon Truck	na	Palestinian Aid	na
DEN	na	Palestinian Aid	na
Denial & Yearning	na	Palestinian Aid	na
Density Experiment	na	Palestinian Aid	na
Destruction Rocks	na	Palestinian Aid	na
Detours	na	Palestinian Aid	na
DEVIL, AIM FOR ME: A One-Shot for Trophy Dark	na	Palestinian Aid	na
Diàn Xin (??) Electric Heart	na	Palestinian Aid	na
Dino Run	na	Palestinian Aid	na
Diver	na	Palestinian Aid	na
Divination	na	Palestinian Aid	na
Do I Pass?	na	Palestinian Aid	na
Do Something	na	Palestinian Aid	na
Dodgy Boat	na	Palestinian Aid	na
Doikayt: A Jewish TTRPG Anthology	na	Palestinian Aid	na
Dona Vasa	na	Palestinian Aid	na
Don't Look Down	na	Palestinian Aid	na
Don't pay the Ferryman	na	Palestinian Aid	na
Doorways	na	Palestinian Aid	na
Double Jump 2	na	Palestinian Aid	na
Double Turn	na	Palestinian Aid	na
Doujins and Dragons	na	Palestinian Aid	na
Drawkanoid	na	Palestinian Aid	na
Dream Abloom 1e	na	Palestinian Aid	na
Dream Dye	na	Palestinian Aid	na
DreamCatcher: Reflections, Volume 1	na	Palestinian Aid	na
Dredge	na	Palestinian Aid	na
Drillmin	na	Palestinian Aid	na
Drum Controller	na	Palestinian Aid	na
DUNGEON (NEW COLORS) - Pixel Art Tileset	na	Palestinian Aid	na
DUNGEONBLADE - HAUNTED KINGDOM	na	Palestinian Aid	na
DW	na	Palestinian Aid	na
Dx Ball Shooter	na	Palestinian Aid	na
Dystopicon	na	Palestinian Aid	na
Easter Bunny on speed	na	Palestinian Aid	na
eat-it-all	na	Palestinian Aid	na
eclipse protocol	na	Palestinian Aid	na
Eddie Hill -in- The Curse Of The Skull Medallion	na	Palestinian Aid	na
Eldritch Academy	na	Palestinian Aid	na
Eldritch Courts of Some Repute	na	Palestinian Aid	na
Emberglass	na	Palestinian Aid	na
Enchantement, Vanité, & Tendresse	na	Palestinian Aid	na
Enter, Patrocles	na	Palestinian Aid	na
Errant Kingdom	na	Palestinian Aid	na
ESC	na	Palestinian Aid	na
Escape From Station 52	na	Palestinian Aid	na
Escape Room - The Sick Colleague	na	Palestinian Aid	na
Extreme Tax Masters	na	Palestinian Aid	na
Eyad and Hala	na	Palestinian Aid	na
F J O R D S	na	Palestinian Aid	na
F.M. Radio	na	Palestinian Aid	na
Fäiser	na	Palestinian Aid	na
Fast Cubes	na	Palestinian Aid	na
Fat Slice 2	na	Palestinian Aid	na
Fear & Loving	na	Palestinian Aid	na
Fear is Just a Lie	na	Palestinian Aid	na
Feisty Heist	na	Palestinian Aid	na
FEYXUAN Recipe Book Vol. 1	na	Palestinian Aid	na
Fire & Fondness 2	na	Palestinian Aid	na
Fire Place	na	Palestinian Aid	na
Flat UI Game Icons	na	Palestinian Aid	na
Flewberry	na	Palestinian Aid	na
Flirting	na	Palestinian Aid	na
Folk, Form, Phenomenon	na	Palestinian Aid	na
Follow Me in the Night; a Cursed Radio	na	Palestinian Aid	na
Forest Paths Method For Narrative Design	na	Palestinian Aid	na
Four Elements' Light	na	Palestinian Aid	na
Four Kids Play a Game	na	Palestinian Aid	na
Fractal Romance	na	Palestinian Aid	na
FRAMED Collection	na	Palestinian Aid	na
Freaky Fish DX	na	Palestinian Aid	na
Free Pixel Art Fruit Assets	na	Palestinian Aid	na
Froggy Family Fort	na	Palestinian Aid	na
From Sea to Shining Sea	na	Palestinian Aid	na
from view	na	Palestinian Aid	na
Fruit of Law	na	Palestinian Aid	na
Fugl	na	Palestinian Aid	na
FurnCap	na	Palestinian Aid	na
Fuzzy Road Home	na	Palestinian Aid	na
Galére des Sorcières	na	Palestinian Aid	na
'Gamer'+ Crossroad of Sympathy	na	Palestinian Aid	na
Ganancia	na	Palestinian Aid	na
Gardenia	na	Palestinian Aid	na
GearHead Caramel	na	Palestinian Aid	na
Gebo	na	Palestinian Aid	na
Genrenauts: The Complete Season One Collection	na	Palestinian Aid	na
Get In The Robot!	na	Palestinian Aid	na
Gifts from Arthur	na	Palestinian Aid	na
Glitch Dungeon	na	Palestinian Aid	na
Good Dog	na	Palestinian Aid	na
Good Lookin Home Cookin: A CMC Vignette	na	Palestinian Aid	na
Good Morning Drifter	na	Palestinian Aid	na
gradient overlay 2019	na	Palestinian Aid	na
Gratia	na	Palestinian Aid	na
Greater Secrets - Supply Drop	na	Palestinian Aid	na
Greedy Bubble	na	Palestinian Aid	na
Green Lineages: A Fifth Edition Fledgling	na	Palestinian Aid	na
Grow in the Hole	na	Palestinian Aid	na
Grumpy Librarian	na	Palestinian Aid	na
Guardian of the Code	na	Palestinian Aid	na
Gubat Banwa Early Access	na	Palestinian Aid	na
GUROBU	na	Palestinian Aid	na
Gyro Boss DX	na	Palestinian Aid	na
Hack FPS	na	Palestinian Aid	na
Hacknet	na	Palestinian Aid	na
Happy Campers	na	Palestinian Aid	na
Harrowing Hunts (Vol 1)	na	Palestinian Aid	na
Harvest Island	na	Palestinian Aid	na
Harvesterado	na	Palestinian Aid	na
Hazard	na	Palestinian Aid	na
Headlong Racing	na	Palestinian Aid	na
Healer	na	Palestinian Aid	na
Heart Home	na	Palestinian Aid	na
HEART//BEAT	na	Palestinian Aid	na
Heartbeat	na	Palestinian Aid	na
Heartstrings	na	Palestinian Aid	na
Hellhole Game	na	Palestinian Aid	na
HELP - The Heroes Enhancing Lives Program	na	Palestinian Aid	na
Help! I'm A Tetra Block!	na	Palestinian Aid	na
Hemo Racers	na	Palestinian Aid	na
HG101 Presents: Castlevania	na	Palestinian Aid	na
High Moon	na	Palestinian Aid	na
High Society	na	Palestinian Aid	na
Highwinds	na	Palestinian Aid	na
hollow	na	Palestinian Aid	na
Home Again	na	Palestinian Aid	na
Homebound	na	Palestinian Aid	na
Honey Twigs	na	Palestinian Aid	na
Hopper	na	Palestinian Aid	na
HORIZON VANGUARD	na	Palestinian Aid	na
Hot Garbage: A Keysmash Story	na	Palestinian Aid	na
How to Embrace a Swamp Creature	na	Palestinian Aid	na
How to Win - Season One	na	Palestinian Aid	na
Hungry Frog	na	Palestinian Aid	na
I don't belong - A visual Novel	na	Palestinian Aid	na
I Found a New Friend	na	Palestinian Aid	na
I Get This Call Every Day	na	Palestinian Aid	na
I have gone this far	na	Palestinian Aid	na
I Knew You Would Find This	na	Palestinian Aid	na
Icy City Omnibus	na	Palestinian Aid	na
Iera Entera	na	Palestinian Aid	na
Illusory Dreamlight 1: Deprimerie	na	Palestinian Aid	na
In Extremis	na	Palestinian Aid	na
in pitch we are preserved	na	Palestinian Aid	na
In The Deep, Deep River	na	Palestinian Aid	na
In The Hollow of the Valley	na	Palestinian Aid	na
Indigo Child	na	Palestinian Aid	na
Inside | Out	na	Palestinian Aid	na
Inside The Mirror	na	Palestinian Aid	na
inter-view	na	Palestinian Aid	na
Into the Fae Woods	na	Palestinian Aid	na
Invertio	na	Palestinian Aid	na
IRL: The Game	na	Palestinian Aid	na
Iron Edda Accelerated	na	Palestinian Aid	na
Is Lupin Still Flirting?	na	Palestinian Aid	na
Ise & Kai: Chosen Throne	na	Palestinian Aid	na
its been a while since i went for a walk	na	Palestinian Aid	na
Izil's Adventures: Blackfeather's Legacy	na	Palestinian Aid	na
Jardin	na	Palestinian Aid	na
JB Hairboll in Murder Flub	na	Palestinian Aid	na
Jetscout: Mystery of the Valunians	na	Palestinian Aid	na
Jezebel and the Flame	na	Palestinian Aid	na
Journey to Safety	na	Palestinian Aid	na
journey village	na	Palestinian Aid	na
Jungle Waterfall Battlemap (30 x 20)	na	Palestinian Aid	na
Just Another Day	na	Palestinian Aid	na
Kabaret	na	Palestinian Aid	na
Kaiju Klimb	na	Palestinian Aid	na
KAIMA	na	Palestinian Aid	na
Kaleidoscope	na	Palestinian Aid	na
KANABO	na	Palestinian Aid	na
Karanduun - Make God Bleed Edition	na	Palestinian Aid	na
Karlson Run	na	Palestinian Aid	na
Keep in Touch	na	Palestinian Aid	na
Keep Moving Forward	na	Palestinian Aid	na
Keris & The Dream	na	Palestinian Aid	na
Kero-Go!	na	Palestinian Aid	na
KFB - Fruit Picker	na	Palestinian Aid	na
Khronos-X	na	Palestinian Aid	na
Kick Rocks!	na	Palestinian Aid	na
Kickflip the Hierarchy	na	Palestinian Aid	na
Kindling Spirits	na	Palestinian Aid	na
KISHU	na	Palestinian Aid	na
Kiwi	na	Palestinian Aid	na
Knight & Damsel	na	Palestinian Aid	na
Knights	na	Palestinian Aid	na
Knights of the Round Torus	na	Palestinian Aid	na
Koto	na	Palestinian Aid	na
La maleta	na	Palestinian Aid	na
Last Knights On Earth	na	Palestinian Aid	na
Last Shooting	na	Palestinian Aid	na
Last Train To Tranz-Central (ZX Spectrum)	na	Palestinian Aid	na
Lava Golf	na	Palestinian Aid	na
Le Prix d'Escalier	na	Palestinian Aid	na
Learning What Joy Is	na	Palestinian Aid	na
Lesbian Mothman Hunters	na	Palestinian Aid	na
Let Me Take a Selfie	na	Palestinian Aid	na
Let's Go Paint!	na	Palestinian Aid	na
Letters Long Lost	na	Palestinian Aid	na
Life of the Poultry	na	Palestinian Aid	na
Light Borrower	na	Palestinian Aid	na
Light of Darkness	na	Palestinian Aid	na
LIGHT: Trek to the Spire	na	Palestinian Aid	na
LightUp!	na	Palestinian Aid	na
LIL' DRONE	na	Palestinian Aid	na
Lillyann	na	Palestinian Aid	na
Lilypad lake	na	Palestinian Aid	na
Limiter!	na	Palestinian Aid	na
Lineage	na	Palestinian Aid	na
Linearity	na	Palestinian Aid	na
Little Square Things	na	Palestinian Aid	na
Liyla and The Shadows Of War	na	Palestinian Aid	na
Loco Motive (Game Jam)	na	Palestinian Aid	na
Lofi Hip Hop Worlds To Study In	na	Palestinian Aid	na
Long Haul 1983	na	Palestinian Aid	na
Long Journey Home	na	Palestinian Aid	na
LongStory	na	Palestinian Aid	na
Lore Distance Relationship	na	Palestinian Aid	na
Lost	na	Palestinian Aid	na
Lost Order	na	Palestinian Aid	na
Love, Despite Everything	na	Palestinian Aid	na
LSD: Liquid Science Doom - A Troika Zine	na	Palestinian Aid	na
Luck be a Landlord	na	Palestinian Aid	na
Lunar Magic Ren'py GUI Design	na	Palestinian Aid	na
Lutra's Monologue	na	Palestinian Aid	na
Mad Devils	na	Palestinian Aid	na
MAGEROOM	na	Palestinian Aid	na
Magic Wand	na	Palestinian Aid	na
Mailbag for a Tattered Nation	na	Palestinian Aid	na
Make It Last: While You Can	na	Palestinian Aid	na
Maker	na	Palestinian Aid	na
Marchland	na	Palestinian Aid	na
Marsmallows & Monsters	na	Palestinian Aid	na
Martial Cards	na	Palestinian Aid	na
Martian Space Blaster	na	Palestinian Aid	na
Math Labyrinth	na	Palestinian Aid	na
Maudelyn's Quest	na	Palestinian Aid	na
MAYHEM	na	Palestinian Aid	na
Maytaway Quarterly 1.1	na	Palestinian Aid	na
Memories of East Coast	na	Palestinian Aid	na
MetaWare High School (Demo)	na	Palestinian Aid	na
Microscope Madness	na	Palestinian Aid	na
Midnight on the Milky Way -- Complete	na	Palestinian Aid	na
Migracciones	na	Palestinian Aid	na
Milo's Quest	na	Palestinian Aid	na
MindExplorer	na	Palestinian Aid	na
MineFinitum	na	Palestinian Aid	na
Mini Metro	na	Palestinian Aid	na
Mixed Feelings	na	Palestinian Aid	na
Mixolumia	na	Palestinian Aid	na
Mixolumia EP	na	Palestinian Aid	na
Modular Cabin	na	Palestinian Aid	na
Money Garden	na	Palestinian Aid	na
Monster Manifest	na	Palestinian Aid	na
Monstrata Fracture	na	Palestinian Aid	na
Moon and Lou	na	Palestinian Aid	na
MoonPunk	na	Palestinian Aid	na
MOON'S SHOT	na	Palestinian Aid	na
Mop Boy Demo but better	na	Palestinian Aid	na
More Bones Than You Can Count	na	Palestinian Aid	na
Motel 666	na	Palestinian Aid	na
Mother Island	na	Palestinian Aid	na
Mountaineer	na	Palestinian Aid	na
Mouse Corp.	na	Palestinian Aid	na
Moving (On)	na	Palestinian Aid	na
MST??	na	Palestinian Aid	na
Multilytheus	na	Palestinian Aid	na
MUSCLE WORLD	na	Palestinian Aid	na
My Book Project	na	Palestinian Aid	na
My Little Pony: Super Ethical Shipping Climax!	na	Palestinian Aid	na
My Nuclear Octopus	na	Palestinian Aid	na
My Personal Hilopet	na	Palestinian Aid	na
Nainai’s Recipe	na	Palestinian Aid	na
NAIR - now with Online Play	na	Palestinian Aid	na
Nasty Little Man	na	Palestinian Aid	na
Nectar of the Gods: Offline Edition	na	Palestinian Aid	na
Neon Baller 0.1	na	Palestinian Aid	na
NEO-PROGRAMS	na	Palestinian Aid	na
Neutron Axe	na	Palestinian Aid	na
New Spirits	na	Palestinian Aid	na
Next Horizon	na	Palestinian Aid	na
Nib	na	Palestinian Aid	na
NO LOVE'S LAND	na	Palestinian Aid	na
No One Goes Alone	na	Palestinian Aid	na
No One Lives Here Anymore	na	Palestinian Aid	na
Nokia World	na	Palestinian Aid	na
NoSeq	na	Palestinian Aid	na
Nosferatu Pocket Pals (GB Studio)	na	Palestinian Aid	na
Notebook Artillery	na	Palestinian Aid	na
Numbertron (Sharp MZ)	na	Palestinian Aid	na
O   O   O	na	Palestinian Aid	na
Obstacles	na	Palestinian Aid	na
Ocean Tides: A Game of Entanglements at Sea	na	Palestinian Aid	na
OCEANS 2400	na	Palestinian Aid	na
Oceanwork	na	Palestinian Aid	na
OCHITSUBAKI DEMO	na	Palestinian Aid	na
Ode to Small Joys: Coloring Book	na	Palestinian Aid	na
Of Grub & Grain	na	Palestinian Aid	na
On the Wings of a Red Dragonfly	na	Palestinian Aid	na
One Child's Heart	na	Palestinian Aid	na
One Hour Worldbuilders	na	Palestinian Aid	na
Oneons: Prisoners	na	Palestinian Aid	na
Operation Swordbreak	na	Palestinian Aid	na
Optivox - The Voxel Modeler for Game Development	na	Palestinian Aid	na
Orwell: Keeping an Eye on You	na	Palestinian Aid	na
OST Composing Jam 2021 - Laios Goldbeck	na	Palestinian Aid	na
Our Innermost Thoughts	na	Palestinian Aid	na
Our Land is Gone	na	Palestinian Aid	na
Our Sacred Waters	na	Palestinian Aid	na
Out For Delivery	na	Palestinian Aid	na
Over My Dead Body	na	Palestinian Aid	na
Overground	na	Palestinian Aid	na
PachaMama	na	Palestinian Aid	na
Painterly Field Scenery	na	Palestinian Aid	na
Palette Studio	na	Palestinian Aid	na
Paper Boats	na	Palestinian Aid	na
Para//ax	na	Palestinian Aid	na
ParaMonsters and the Haunted Escape Room	na	Palestinian Aid	na
Parcels And Pollen	na	Palestinian Aid	na
Paris Gondo - The Life-Saving Magic of Inventorying (Text-Only Edition)	na	Palestinian Aid	na
Path of Tengri	na	Palestinian Aid	na
PepaFatal	na	Palestinian Aid	na
Petitioners of Zed	na	Palestinian Aid	na
PheVer	na	Palestinian Aid	na
Philosophy Fantasy	na	Palestinian Aid	na
Pico-8 Multicart	na	Palestinian Aid	na
piCOLUMNS	na	Palestinian Aid	na
Piece of Fate	na	Palestinian Aid	na
Pillars on Poppy Hills	na	Palestinian Aid	na
PIPO'S ON THE RUN	na	Palestinian Aid	na
Pitman	na	Palestinian Aid	na
Pixel Art Enemies :MoonRoar Asset Series: Wild Wolf	na	Palestinian Aid	na
Pixel Art Snowy Forest	na	Palestinian Aid	na
Pixel Character - Classes	na	Palestinian Aid	na
Pixel Driver - Fast paced infinite driving	na	Palestinian Aid	na
PIXEL FANTASY RPG ICONS - PACK 2	na	Palestinian Aid	na
Pixel Playing Cards Pack	na	Palestinian Aid	na
Pixel Wheels	na	Palestinian Aid	na
Pixels Out of Space	na	Palestinian Aid	na
Planetary grapple	na	Palestinian Aid	na
Plantgotchi	na	Palestinian Aid	na
Playground	na	Palestinian Aid	na
Positronic Potentials: The Nanny	na	Palestinian Aid	na
Potion Prodigy	na	Palestinian Aid	na
Praedormitium 2nd Edition Quickstart	na	Palestinian Aid	na
PRAGMA	na	Palestinian Aid	na
Predestination	na	Palestinian Aid	na
Prehistoric Dude	na	Palestinian Aid	na
Pressure	na	Palestinian Aid	na
Prize	na	Palestinian Aid	na
ProcrastiTyper	na	Palestinian Aid	na
Prologue (Second Edition)	na	Palestinian Aid	na
Pull Me From the Earth	na	Palestinian Aid	na
Pupper's Garden	na	Palestinian Aid	na
Push It In	na	Palestinian Aid	na
Putahe ng Ina Mo: Sinigang Edition	na	Palestinian Aid	na
Putrid Shark	na	Palestinian Aid	na
Puzzling Peaks EXE	na	Palestinian Aid	na
Pyo	na	Palestinian Aid	na
Queering Spacetime (Print and Play)	na	Palestinian Aid	na
Quixel Font	na	Palestinian Aid	na
QZ	na	Palestinian Aid	na
RADARjAM	na	Palestinian Aid	na
Radiant Chaotic	na	Palestinian Aid	na
Radio Fall	na	Palestinian Aid	na
Ravaged Space	na	Palestinian Aid	na
Ravaging Mob	na	Palestinian Aid	na
Rayguns, Robots & Rocketships!	na	Palestinian Aid	na
Red Embrace (BL Visual Novel)	na	Palestinian Aid	na
Reliance: Interdependence and Inner Turmoil	na	Palestinian Aid	na
Reliquary	na	Palestinian Aid	na
Repurpose (Demo)	na	Palestinian Aid	na
Restricted Airspace	na	Palestinian Aid	na
Retro Cyberpunk Music Pack	na	Palestinian Aid	na
Rettend - File #1	na	Palestinian Aid	na
Revels in the Heavenly Hall	na	Palestinian Aid	na
Reverie	na	Palestinian Aid	na
Riba	na	Palestinian Aid	na
Ritual of the Moon	na	Palestinian Aid	na
Road Trip	na	Palestinian Aid	na
Robo Runner	na	Palestinian Aid	na
Robot Wants It All	na	Palestinian Aid	na
Robots & Ruins	na	Palestinian Aid	na
RoboVDino	na	Palestinian Aid	na
Rogueyard	na	Palestinian Aid	na
Rorschach	na	Palestinian Aid	na
Roses Will Rise	na	Palestinian Aid	na
Roving Bastion Armsweir: Operation Eclipse	na	Palestinian Aid	na
Running Askew	na	Palestinian Aid	na
Running Away (a small guide)	na	Palestinian Aid	na
Safe Journey	na	Palestinian Aid	na
Sandstorm	na	Palestinian Aid	na
Sangwich	na	Palestinian Aid	na
Sapling Soul	na	Palestinian Aid	na
Science Girls!	na	Palestinian Aid	na
Scoundrels (Print-n-Play Edition)	na	Palestinian Aid	na
Season of Dreams	na	Palestinian Aid	na
Seemannsgarn	na	Palestinian Aid	na
Senna Oaks Spaceship Trip Postjam	na	Palestinian Aid	na
Septiny	na	Palestinian Aid	na
Serendipity	na	Palestinian Aid	na
Seven of Heart	na	Palestinian Aid	na
She Who Fights Monsters: Choice Edition	na	Palestinian Aid	na
Shipwreck Battlemap (35 x 30)	na	Palestinian Aid	na
Shmup Ball	na	Palestinian Aid	na
Shn!p	na	Palestinian Aid	na
Shoot 'n' Loot	na	Palestinian Aid	na
Shovel Escape	na	Palestinian Aid	na
Shrinespark	na	Palestinian Aid	na
Shu's Garden	na	Palestinian Aid	na
sideliner	na	Palestinian Aid	na
Sightline	na	Palestinian Aid	na
SIGNAL//r021	na	Palestinian Aid	na
Simple Complex Puzzle	na	Palestinian Aid	na
Simple DeeEnDee	na	Palestinian Aid	na
Simple&Easy Localization Tool Unity	na	Palestinian Aid	na
Sketchy Racing	na	Palestinian Aid	na
Skuiggle	na	Palestinian Aid	na
Slayers of the Strange	na	Palestinian Aid	na
Slimed	na	Palestinian Aid	na
Slimes	na	Palestinian Aid	na
SlipSpeed	na	Palestinian Aid	na
Slow Fire	na	Palestinian Aid	na
Smoke, Fuel, & Fire	na	Palestinian Aid	na
Snake vs Snake	na	Palestinian Aid	na
Socks !	na	Palestinian Aid	na
soft	na	Palestinian Aid	na
Soft Underbelly	na	Palestinian Aid	na
Solace State Demo	na	Palestinian Aid	na
Solar Blaster: Challenge Stage	na	Palestinian Aid	na
Solar Danmaku	na	Palestinian Aid	na
Sole Iron Tail	na	Palestinian Aid	na
SOLITUNE	na	Palestinian Aid	na
Somewhere Better	na	Palestinian Aid	na
Sophie's Dice	na	Palestinian Aid	na
Soul Searching	na	Palestinian Aid	na
Space Battalion Alpha	na	Palestinian Aid	na
Space Fuel	na	Palestinian Aid	na
Space Hole 2020	na	Palestinian Aid	na
space shooter	na	Palestinian Aid	na
SpaceEscapeObstacles	na	Palestinian Aid	na
SPARE	na	Palestinian Aid	na
SPICEPUNK 1997	na	Palestinian Aid	na
Spirit Cleaning	na	Palestinian Aid	na
Spirit Swap: Lofi Beats to Match-3 To	na	Palestinian Aid	na
Spritedow Animator	na	Palestinian Aid	na
Squeaker Dialogue Editor	na	Palestinian Aid	na
Stacks On Stacks (On Stacks)	na	Palestinian Aid	na
StarBoy	na	Palestinian Aid	na
Staxter	na	Palestinian Aid	na
Steel Seraph (Early Access)	na	Palestinian Aid	na
Sticky Cats	na	Palestinian Aid	na
Stillfleet ? Quickstart Rules	na	Palestinian Aid	na
Stories and Smoke	na	Palestinian Aid	na
Storyteller	na	Palestinian Aid	na
STRAINGE	na	Palestinian Aid	na
STRAWBERRY CUBES	na	Palestinian Aid	na
Strobophagia | Rave Horror	na	Palestinian Aid	na
Stuck and Wretched	na	Palestinian Aid	na
Stylized Fruits	na	Palestinian Aid	na
Sunflower Maintenance / ??????????	na	Palestinian Aid	na
Sunrise	na	Palestinian Aid	na
Super Box Land Demake	na	Palestinian Aid	na
Super Grappling Gecko	na	Palestinian Aid	na
SUPER IS HOT	na	Palestinian Aid	na
Super Mutant Slayers	na	Palestinian Aid	na
Super Wiloo Demake	na	Palestinian Aid	na
Surfacing	na	Palestinian Aid	na
Take A Hike!	na	Palestinian Aid	na
Take a Seat!	na	Palestinian Aid	na
take root-perennial edition	na	Palestinian Aid	na
Tales' End	na	Palestinian Aid	na
Tapioca Rider	na	Palestinian Aid	na
Team Hogus: GHAMEMFAIFTH OTHIYLTIM	na	Palestinian Aid	na
Technoccult: Covenant	na	Palestinian Aid	na
Tee-riffic Golf.	na	Palestinian Aid	na
TERMINUS	na	Palestinian Aid	na
Terroir	na	Palestinian Aid	na
tetrible	na	Palestinian Aid	na
Tetromino Chill	na	Palestinian Aid	na
that smiling game	na	Palestinian Aid	na
That Which Faith Demands	na	Palestinian Aid	na
The Adventurer - Action platformer	na	Palestinian Aid	na
The Adventures of Wolf and Hood - a Jigsaw Tale	na	Palestinian Aid	na
The Artesian Well	na	Palestinian Aid	na
The Attendant	na	Palestinian Aid	na
The Buried Tower	na	Palestinian Aid	na
The Change Architect	na	Palestinian Aid	na
The Church In The Darkness	na	Palestinian Aid	na
The Church of Cheesus Crisp: An All You can Pray Buffet	na	Palestinian Aid	na
The Cloister	na	Palestinian Aid	na
The Cookout	na	Palestinian Aid	na
The Coolest Combat System - A MOSAIC Strict System	na	Palestinian Aid	na
THE CORRIDOR	na	Palestinian Aid	na
The Corruption of Pelursk	na	Palestinian Aid	na
The Corwyn Catacombs (5E)	na	Palestinian Aid	na
The Derelict Speaks	na	Palestinian Aid	na
The Devil	na	Palestinian Aid	na
THE DOOR	na	Palestinian Aid	na
The Dusk Before Dawn	na	Palestinian Aid	na
The Empire Undying	na	Palestinian Aid	na
The Endless Empty	na	Palestinian Aid	na
The Eurojank Manifesto	na	Palestinian Aid	na
The Fane of the Hungry God	na	Palestinian Aid	na
The Final Undertaking	na	Palestinian Aid	na
The First Greek Odyssey	na	Palestinian Aid	na
The Flame Still Flickers In The Fen	na	Palestinian Aid	na
The Forgotten Caves of Foolish Linger	na	Palestinian Aid	na
The Gannet	na	Palestinian Aid	na
The Hayseed Knight	na	Palestinian Aid	na
The Hunt for my GirlFriend	na	Palestinian Aid	na
The Law	na	Palestinian Aid	na
The Life of Saint Fiona Bianco Xena	na	Palestinian Aid	na
The lost artifacts	na	Palestinian Aid	na
The Macramancer PUZZLES	na	Palestinian Aid	na
The Morning Star	na	Palestinian Aid	na
The Mouse, the Bird, & the Sausage	na	Palestinian Aid	na
The Outcast Lovers	na	Palestinian Aid	na
The Piano Player	na	Palestinian Aid	na
The Pig: Money is Time	na	Palestinian Aid	na
The Portal at Hill House	na	Palestinian Aid	na
The Quest for One	na	Palestinian Aid	na
The Quiet Life	na	Palestinian Aid	na
The Quiet Lonely House	na	Palestinian Aid	na
The Rain Still Falls in My Heart	na	Palestinian Aid	na
The Scarlet Village	na	Palestinian Aid	na
The Sea Shall Carry Us Home	na	Palestinian Aid	na
The Sign Bearer	na	Palestinian Aid	na
the silence	na	Palestinian Aid	na
The Sky Left Us (Demo)	na	Palestinian Aid	na
The Spooky Manor	na	Palestinian Aid	na
The Sun Will Set	na	Palestinian Aid	na
The Tall Wall Falls: The Inner Gate's Last Stand	na	Palestinian Aid	na
The Target	na	Palestinian Aid	na
The Tarot Crawl	na	Palestinian Aid	na
The Three Musketeers	na	Palestinian Aid	na
The Walls That Keep On Growing	na	Palestinian Aid	na
The Wanderer Vibes: Neon	na	Palestinian Aid	na
The Witchling Marjolaine	na	Palestinian Aid	na
The Wooter	na	Palestinian Aid	na
The Wordland Scape	na	Palestinian Aid	na
The Words and Deeds of the Chain of Tlachic	na	Palestinian Aid	na
the worm game (SOUP 1.0)	na	Palestinian Aid	na
There You Go	na	Palestinian Aid	na
THIRD EMPIRE - VIOLENCE + BEAUTY	na	Palestinian Aid	na
This Body of Mine, I Will Make it a Temple	na	Palestinian Aid	na
This Panda Needs You	na	Palestinian Aid	na
Throw Me in the River	na	Palestinian Aid	na
Thrown for a Loop	na	Palestinian Aid	na
Tic-Tac-Crow	na	Palestinian Aid	na
Tile Crusher	na	Palestinian Aid	na
Time Knife	na	Palestinian Aid	na
Timespell	na	Palestinian Aid	na
tiny rainbow rebels	na	Palestinian Aid	na
Tiny Terrors	na	Palestinian Aid	na
Titan Tactics	na	Palestinian Aid	na
To Ash and Ember	na	Palestinian Aid	na
To Duel List	na	Palestinian Aid	na
TOMATO CLINIC	na	Palestinian Aid	na
Tomb Of The Swine Prophet	na	Palestinian Aid	na
TORO	na	Palestinian Aid	na
Total Arcade Racing	na	Palestinian Aid	na
Totally planet	na	Palestinian Aid	na
Toy Kingdom 2	na	Palestinian Aid	na
Trainsmission	na	Palestinian Aid	na
Traveler	na	Palestinian Aid	na
Treasure Box	na	Palestinian Aid	na
Troupe Ashcan	na	Palestinian Aid	na
Trusted with Its True Name	na	Palestinian Aid	na
tulip kingdom	na	Palestinian Aid	na
Two Stand To Fall	na	Palestinian Aid	na
TYRANTS	na	Palestinian Aid	na
UNBEATABLE (white label)	na	Palestinian Aid	na
Unnatural Watches	na	Palestinian Aid	na
Untitled Darkness	na	Palestinian Aid	na
Untitled Ghost Game	na	Palestinian Aid	na
Unto the Night	na	Palestinian Aid	na
Usurping Death	na	Palestinian Aid	na
Utopia Process	na	Palestinian Aid	na
Valiant Quest	na	Palestinian Aid	na
VaporLight: Drifter	na	Palestinian Aid	na
Vast Trivia Of The Void	na	Palestinian Aid	na
Victor's GM-less Oracle	na	Palestinian Aid	na
VideoHole: Episode I	na	Palestinian Aid	na
Village Apothecary	na	Palestinian Aid	na
Visual Novel Music Pack // Tiny Pack	na	Palestinian Aid	na
void.Resign	na	Palestinian Aid	na
Voxella	na	Palestinian Aid	na
VR Kayaking Game (Demo)	na	Palestinian Aid	na
VVVVVV	na	Palestinian Aid	na
Walkerwall	na	Palestinian Aid	na
Walking the Future	na	Palestinian Aid	na
Wander the Cosmos	na	Palestinian Aid	na
Wanderhome's Sunshine Natures	na	Palestinian Aid	na
Wandering Jewel Moons	na	Palestinian Aid	na
wanderzone	na	Palestinian Aid	na
Wart Worm Wingding!	na	Palestinian Aid	na
Watchlist	na	Palestinian Aid	na
Watchmaker's Apprentice	na	Palestinian Aid	na
Wave_Machine	na	Palestinian Aid	na
We Have Lost...	na	Palestinian Aid	na
We Met in May	na	Palestinian Aid	na
Westernvania Asset Pack	na	Palestinian Aid	na
What Comes After	na	Palestinian Aid	na
What Goes Pumpkin the Night	na	Palestinian Aid	na
WHAT HAPPENED?	na	Palestinian Aid	na
What The Water Gave Us	na	Palestinian Aid	na
What We Built, They Tear Asunder	na	Palestinian Aid	na
What's So Cool About the Wastes?	na	Palestinian Aid	na
WHAT'S SO COOL ABOUT TIME LOOPS?	na	Palestinian Aid	na
when it's safe again	na	Palestinian Aid	na
When There Is No More Snow	na	Palestinian Aid	na
When We First Met	na	Palestinian Aid	na
Who Let the Critters Out?!	na	Palestinian Aid	na
Why You Do This To Me?	na	Palestinian Aid	na
Will Glow the Wisp	na	Palestinian Aid	na
Willful	na	Palestinian Aid	na
Winsome Heartwood	na	Palestinian Aid	na
Witches and Bandits and Swords (Oh My)	na	Palestinian Aid	na
witches and stitches	na	Palestinian Aid	na
Within the Walls - A text adventure	na	Palestinian Aid	na
Wizardish	na	Palestinian Aid	na
Wizard's Adventure	na	Palestinian Aid	na
wonShot	na	Palestinian Aid	na
Wool of Bat	na	Palestinian Aid	na
World of Wyldrvir Core Book	na	Palestinian Aid	na
Worldcraft	na	Palestinian Aid	na
Write'n'Slash	na	Palestinian Aid	na
yarne	na	Palestinian Aid	na
YBit	na	Palestinian Aid	na
You Are A Whale Part 1	na	Palestinian Aid	na
You Are What You Eat, A Chargen System for MOSAIC Strict	na	Palestinian Aid	na
You Have 7 Days	na	Palestinian Aid	na
you understand kawaii	na	Palestinian Aid	na
Zero Hour	na	Palestinian Aid	na
zip: set one	na	Palestinian Aid	na
Znax	na	Palestinian Aid	na
ZONES	na	Palestinian Aid	na
Zookoban	na	Palestinian Aid	na
Zoopolitan Skybridge Goons	na	Palestinian Aid	na
