#birdsecrets	Racial Justice	na	na
#EscapeRoomSimulator - Alpha Access	Racial Justice	na	na
#hasicontent	Racial Justice	na	na
(EN/ESP) The Tail Makes the Fox - Episode 1	Racial Justice	na	na
(HammerA) HammerTime !	Racial Justice	na	na
(NEW) Gothic/Haunted Castle Tileset - 32x32	Racial Justice	na	na
(SIBERIA)	Racial Justice	na	na
(Standalone) The Tail Makes the Fox - Episode 1 Deluxe Goodies	Racial Justice	na	na
// Down to Earth //	Racial Justice	na	na
?? ????? (BONSAI CALENDAR)	Racial Justice	na	na
?? Potato Thriller (Classic)	Racial Justice	na	na
?? Returning Maiden	Racial Justice	na	na
????? - Escape from Kabagahara	Racial Justice	na	na
>>at least you're not alone	Racial Justice	na	na
1,000 Heads Among the Trees	Racial Justice	na	na
12 Labors	Racial Justice	na	na
12 orbits	Racial Justice	na	na
1365	Racial Justice	na	na
1977: Radio Aut	Racial Justice	na	na
1980	Racial Justice	na	na
2d flight simulator	Racial Justice	na	na
36 Days A Week	Racial Justice	na	na
4-LEGGED-HEROINE	Racial Justice	na	na
52 Fates	Racial Justice	na	na
6 Bites for 6 Princes	Racial Justice	na	na
64px Textures/Tilesheet	Racial Justice	na	na
6E	Racial Justice	na	na
8-Bit Music Booster Pack	Racial Justice	na	na
8-Bit Sound Effects (100+ SFX)	Racial Justice	na	na
9 Till Void	Racial Justice	na	na
99¢ Chamber of Death	Racial Justice	na	na
a completely normal dating simulation that is definitely completely sweet, innocent and normal	Racial Justice	na	na
A Day in the Woods	Racial Justice	na	na
A Duet of Steel	Racial Justice	na	na
A e r o c r a f t	Racial Justice	na	na
A Game of Changes	Racial Justice	na	na
A Guide To Casting Phantoms In The Revolution	Racial Justice	na	na
A HUNDRED THOUSAND PLACES	Racial Justice	na	na
A Long Night In The Mech Bay	Racial Justice	na	na
A Lullaby of Colors (now available for Oculus Quest too)	Racial Justice	na	na
A Magical Tale: Cavern Crawler	Racial Justice	na	na
a milky way	Racial Justice	na	na
A Plague Journal At The Ides of March, 2020 and other Pandemic Poetry	Racial Justice	na	na
a strollplaying game trio pack	Racial Justice	na	na
A Touch of Glamour	Racial Justice	na	na
A Warm and Pleasant Hum: A One-Shot for Trophy Dark	Racial Justice	na	na
A Wish Upon A Star	Racial Justice	na	na
A WIZARD	Racial Justice	na	na
Abomination Tower	Racial Justice	na	na
Above: The Fallen	Racial Justice	na	na
ACIDTRIP	Racial Justice	na	na
ADLENGINE - Roleplay / Text Adventure Engine	Racial Justice	na	na
Adventurer & Troll	Racial Justice	na	na
Aerannis	Racial Justice	na	na
Ætherjack’s Almanac Number 2 Cabbits & Combat	Racial Justice	na	na
Affection Game (print & play version)	Racial Justice	na	na
Affinity	Racial Justice	na	na
Agents of the O.D.D.	Racial Justice	na	na
Aground Original Soundtrack (Deluxe Edition)	Racial Justice	na	na
AIdol	Racial Justice	na	na
Airships: Conquer the Skies	Racial Justice	na	na
Akurra (Chapter 1)	Racial Justice	na	na
Alfal's Grove	Racial Justice	na	na
All Haze Eve	Racial Justice	na	na
All You Can Eat	Racial Justice	na	na
Alone by Distant Shores	Racial Justice	na	na
Alone in the Ancient City	Racial Justice	na	na
Alone With Your Ghost	Racial Justice	na	na
Ambidangerous	Racial Justice	na	na
American Election	Racial Justice	na	na
An anthology of cozy RPGs	Racial Justice	na	na
Analog Zine Issue 1-9	Racial Justice	na	na
Anarcute	Racial Justice	na	na
Anaseidos	Racial Justice	na	na
Animal Lover	Racial Justice	na	na
Animated Low-Poly Cartoon Fantasy Character Pack	Racial Justice	na	na
Annwn: the Otherworld	Racial Justice	na	na
Anomalies	Racial Justice	na	na
Anomaly: Containment Breach	Racial Justice	na	na
ANTI-GORGIAS 2	Racial Justice	na	na
ANTological Theory	Racial Justice	na	na
Apollo Visualizer Kit	Racial Justice	na	na
Apotheosis	Racial Justice	na	na
Applonia's Promise	Racial Justice	na	na
Arch Angel Dating Simulator	Racial Justice	na	na
ARGH-P-G	Racial Justice	na	na
Arigatou, Ningen-san!	Racial Justice	na	na
Art Telephone	Racial Justice	na	na
Artifacts of the Tarot	Racial Justice	na	na
as long as we're together: magical girls sweet & pure	Racial Justice	na	na
As The World Ends...	Racial Justice	na	na
As We Know It	Racial Justice	na	na
Astæria	Racial Justice	na	na
Asteroid Farmer	Racial Justice	na	na
Asteroid Quest! (Classic)	Racial Justice	na	na
Astral Defense	Racial Justice	na	na
Astrologaster	Racial Justice	na	na
At the Monarch's Gate	Racial Justice	na	na
Atchafalaya Arcade	Racial Justice	na	na
Atomic Heist	Racial Justice	na	na
Atomic Reconstruction	Racial Justice	na	na
Atomic Robo: The Roleplaying Game	Racial Justice	na	na
Attrition: Tactical Fronts	Racial Justice	na	na
Aurora	Racial Justice	na	na
Autumn	Racial Justice	na	na
B.O.O.M. - You Win (Early Access)	Racial Justice	na	na
Babysitter Bloodbath	Racial Justice	na	na
BackFire	Racial Justice	na	na
Bad Government	Racial Justice	na	na
BAD MOON	Racial Justice	na	na
BADBLOOD	Racial Justice	na	na
BAKED:MAGIC	Racial Justice	na	na
Bakto's Terrifying Cuisine	Racial Justice	na	na
BALIKBAYAN: Returning Home	Racial Justice	na	na
BALL BUSTER 2.0	Racial Justice	na	na
Barrel Roll	Racial Justice	na	na
Bazookrash	Racial Justice	na	na
BearFX Explosions | Pixel Effect Pack	Racial Justice	na	na
Beast Dream	Racial Justice	na	na
Bedtime Bestiary	Racial Justice	na	na
Before the Beginning	Racial Justice	na	na
Behind the Magic	Racial Justice	na	na
Believe	Racial Justice	na	na
Belong	Racial Justice	na	na
Beneath the Canals	Racial Justice	na	na
beneath the ergosphere, or:	Racial Justice	na	na
Benjamin of Blackstone Edge	Racial Justice	na	na
Best Garden	Racial Justice	na	na
Bestiary (Unspeakable)	Racial Justice	na	na
Better to Upload Two Souls	Racial Justice	na	na
Bewildebots	Racial Justice	na	na
Beyond Reach	Racial Justice	na	na
Binaries	Racial Justice	na	na
Binary Heresy	Racial Justice	na	na
Birth ME Code OST	Racial Justice	na	na
BIT RAT : Singularity	Racial Justice	na	na
Bitcoin Miner: Remastered	Racial Justice	na	na
Black Heart	Racial Justice	na	na
black mass	Racial Justice	na	na
Blade-Kissed	Racial Justice	na	na
Blades in the Dark	Racial Justice	na	na
Blaster Bunny +	Racial Justice	na	na
Blasting Agent: Ultimate Edition	Racial Justice	na	na
Blind Men	Racial Justice	na	na
Blitz Breaker	Racial Justice	na	na
Block Out	Racial Justice	na	na
Blockara	Racial Justice	na	na
Blood Bullets & Ballet	Racial Justice	na	na
BloodBlast VR	Racial Justice	na	na
Blue Rose Reprise	Racial Justice	na	na
Bold Blade	Racial Justice	na	na
Bomb Dolls	Racial Justice	na	na
Bomsy	Racial Justice	na	na
Bonsai Brawlers!	Racial Justice	na	na
Book Reprocessing Machine #5	Racial Justice	na	na
Boom Boom Bovine	Racial Justice	na	na
BoomTown	Racial Justice	na	na
Boreal Tenebrae Act I: “I Stand Before You,  A Form Undone”	Racial Justice	na	na
Brassica - A Marry Tale	Racial Justice	na	na
Brathian	Racial Justice	na	na
Brave Hero Yuusha EX	Racial Justice	na	na
BREAKER	Racial Justice	na	na
Breakout Poetry	Racial Justice	na	na
Brendan Keogh's Putting Challenge	Racial Justice	na	na
Brick Breaker Remix	Racial Justice	na	na
Brinkwood - The Blood of Tyrants - Playtest Kit	Racial Justice	na	na
BRKÖUT	Racial Justice	na	na
Broken Minds	Racial Justice	na	na
BROKEN SIGNAL	Racial Justice	na	na
Brushwood Buddies	Racial Justice	na	na
Bubbles the Cat	Racial Justice	na	na
Bug Bounty	Racial Justice	na	na
Build Your Own Apocalypse	Racial Justice	na	na
BulletHell Planes	Racial Justice	na	na
Bumper Boss	Racial Justice	na	na
Butsbal	Racial Justice	na	na
Butter-Passing Robot - Background for 5e	Racial Justice	na	na
By Lamplight	Racial Justice	na	na
By the Author of Lady Windermere's Fan	Racial Justice	na	na
By Your Side	Racial Justice	na	na
C.M.Y.K	Racial Justice	na	na
Cabbibos Play Pack	Racial Justice	na	na
Cage of Sand	Racial Justice	na	na
Camp Flying Moose for Girls of All Kinds	Racial Justice	na	na
Campers & Counselors (A Lasers & Feelings hack)	Racial Justice	na	na
Campfire Cooking	Racial Justice	na	na
Campfire Memories	Racial Justice	na	na
Canal Goons	Racial Justice	na	na
Candy Platformer Tileset	Racial Justice	na	na
Cannon Father	Racial Justice	na	na
Captain MaCaw	Racial Justice	na	na
CARBAGE	Racial Justice	na	na
Cardiac	Racial Justice	na	na
Cards: The Attackening!™	Racial Justice	na	na
Cascadio	Racial Justice	na	na
Cassette	Racial Justice	na	na
Catacombs 1: Demon War	Racial Justice	na	na
Catch The Devil	Racial Justice	na	na
catharsis and shit (or, from which lilacs bloom)	Racial Justice	na	na
Celestial Correspondence	Racial Justice	na	na
Celestial Hacker Girl Jessica	Racial Justice	na	na
Cell Tune	Racial Justice	na	na
Chalice	Racial Justice	na	na
Chameleon Moon	Racial Justice	na	na
CHARCUTERIE	Racial Justice	na	na
Chess Mix	Racial Justice	na	na
Chess: Two Kingdoms	Racial Justice	na	na
CHESTO - At the Checkout	Racial Justice	na	na
Chipmonk!	Racial Justice	na	na
Chiron's Doom	Racial Justice	na	na
Chook & Sosig: Walk the Plank	Racial Justice	na	na
Christmas Cats Revenge	Racial Justice	na	na
Cinco Paus	Racial Justice	na	na
Classic JRPG Music Pack // Medium Pack	Racial Justice	na	na
Closed Fists	Racial Justice	na	na
CLOSER TIES - Game Pack	Racial Justice	na	na
Clouds of Fire: Blazing Skies	Racial Justice	na	na
Cluster Gun	Racial Justice	na	na
Code 7 - Episodes 2 & 3 Available Now	Racial Justice	na	na
Collared	Racial Justice	na	na
Color Cannons+	Racial Justice	na	na
Combed Clap of Thunder	Racial Justice	na	na
Come Back: Chapter 1	Racial Justice	na	na
Come Home	Racial Justice	na	na
COMPEL	Racial Justice	na	na
Construct 2/3 Pseudo 3D (with playable example)	Racial Justice	na	na
Conversations With Emma	Racial Justice	na	na
Cope Island: Adrift	Racial Justice	na	na
CORDILLERA OST	Racial Justice	na	na
Corey Coolbrew	Racial Justice	na	na
Corinne Cross's Dead & Breakfast	Racial Justice	na	na
CORPSE REVIVER	Racial Justice	na	na
Corvid Court	Racial Justice	na	na
Cosmonaut	Racial Justice	na	na
Costume Fairy Adventures	Racial Justice	na	na
Cotrio	Racial Justice	na	na
Crashed Lander	Racial Justice	na	na
Crate Punks	Racial Justice	na	na
Crazy Cultists: The Devilishly Fun Game For The Whole Family!	Racial Justice	na	na
Crest - an indirect god game	Racial Justice	na	na
Critical!: Go Westerly	Racial Justice	na	na
Croissants	Racial Justice	na	na
Cromwell	Racial Justice	na	na
Crossing the Seven Stars	Racial Justice	na	na
Crystal Story: Awakening	Racial Justice	na	na
Crystal Towers 2	Racial Justice	na	na
CTHULHU DEEP GREEN	Racial Justice	na	na
Cube Rampage	Racial Justice	na	na
Cubefall	Racial Justice	na	na
Cyborgs & Cigarettes	Racial Justice	na	na
D.M.T	Racial Justice	na	na
Daemon Detective Gaiden II	Racial Justice	na	na
Daemon Detective Racing Zero	Racial Justice	na	na
Daily Chthonicle	Racial Justice	na	na
Dancing with Demons	Racial Justice	na	na
DANGER DAYS	Racial Justice	na	na
DANGEROUS DUELS	Racial Justice	na	na
Darkest Wave	Racial Justice	na	na
David	Racial Justice	na	na
Daydreamour	Racial Justice	na	na
Dead 4 Dress	Racial Justice	na	na
Dead Friend: A Game of Necromancy	Racial Justice	na	na
Dead Pixels: The 8-bit zombie sim.	Racial Justice	na	na
Dear Mariko	Racial Justice	na	na
Death Game	Racial Justice	na	na
DEATH OF A HERO	Racial Justice	na	na
Death? Preposterous! - A Non-violent RPG	Racial Justice	na	na
Death's Life	Racial Justice	na	na
Deck Defenders (Demo Available!)	Racial Justice	na	na
Deeper Into Space	Racial Justice	na	na
Depths of Fear :: Knossos Soundtrack	Racial Justice	na	na
Desastre Colectivo	Racial Justice	na	na
Desert Mothers	Racial Justice	na	na
deskspace	Racial Justice	na	na
Desktop Dungeons OST	Racial Justice	na	na
Desktop Goose	Racial Justice	na	na
Desktop Meadow	Racial Justice	na	na
Destined	Racial Justice	na	na
Destiny Fails Us: A New Life	Racial Justice	na	na
Detective Bot	Racial Justice	na	na
Detective Hank and the Golden Sneeze	Racial Justice	na	na
Devtheism	Racial Justice	na	na
Dialogue: A Writer's Story	Racial Justice	na	na
Diaries of a Spaceport Janitor	Racial Justice	na	na
Did I Fall Asleep?	Racial Justice	na	na
Dimension Drive	Racial Justice	na	na
Dinos In Space	Racial Justice	na	na
Dirty Aces	Racial Justice	na	na
Dirty Town Quickstarter Zine	Racial Justice	na	na
Dis Pontibus	Racial Justice	na	na
Discovering Colors - Animals	Racial Justice	na	na
Discsphere	Racial Justice	na	na
DISH PIT WITCHES	Racial Justice	na	na
Distortion Nation	Racial Justice	na	na
Dogurai	Racial Justice	na	na
don't cut the tree/be the tree	Racial Justice	na	na
Don't Move	Racial Justice	na	na
DON'T WAKE THE NIGHT	Racial Justice	na	na
Dorfromantik (Prototype)	Racial Justice	na	na
Doubt Comes In	Racial Justice	na	na
down.	Racial Justice	na	na
Dr. Langeskov, The Tiger, And The Terribly Cursed Emerald: A Whirlwind Heist	Racial Justice	na	na
Dr. Trolley's Problem	Racial Justice	na	na
Dragon And Warrior	Racial Justice	na	na
Dragondot 3	Racial Justice	na	na
Dragon's Grave: Driven by Bids	Racial Justice	na	na
Drake	Racial Justice	na	na
DREADFUL	Racial Justice	na	na
Dream Aflame	Racial Justice	na	na
Dream At High Noon	Racial Justice	na	na
Dreaming Sarah	Racial Justice	na	na
Dreaming the Devil	Racial Justice	na	na
DriftKing 2D	Racial Justice	na	na
Drive to Hell	Racial Justice	na	na
DROID7	Racial Justice	na	na
DROPSHIP	Racial Justice	na	na
Drum Brain	Racial Justice	na	na
Dry Drowning	Racial Justice	na	na
Dual Pong	Racial Justice	na	na
Duck in Town - A Rising Knight	Racial Justice	na	na
Dujanah	Racial Justice	na	na
Dumpster Fire	Racial Justice	na	na
Dungeon Hero Volume 1: Starter Set	Racial Justice	na	na
Dungeon Nightmares II - The Memory	Racial Justice	na	na
Dungeon Tileset - Top Down RPG	Racial Justice	na	na
DungeonGameAssetPack	Racial Justice	na	na
Dungeons & Lesbians	Racial Justice	na	na
Dungeons of Loot	Racial Justice	na	na
Dusk Child	Racial Justice	na	na
Dwerg Saga	Racial Justice	na	na
DYO	Racial Justice	na	na
EarthTongue Soundtrack	Racial Justice	na	na
east van EP	Racial Justice	na	na
Easy Coppa	Racial Justice	na	na
EAT GIRL	Racial Justice	na	na
Ecchi Sketch: Draw Cute Girls Every Day! (All Ages Ver)	Racial Justice	na	na
ECH0	Racial Justice	na	na
Echoes	Racial Justice	na	na
Echoes of the Fey Episode 1: The Fox's Trail	Racial Justice	na	na
ECON - Elemental Connection	Racial Justice	na	na
ECU: Eldritch Care Unit	Racial Justice	na	na
EGO	Racial Justice	na	na
El Interrogatorio	Racial Justice	na	na
El Tango de la Muerte	Racial Justice	na	na
Electric Ghosts	Racial Justice	na	na
EleMetals: Death Metal Death Match	Racial Justice	na	na
Ellipses RPG	Racial Justice	na	na
Emberlight	Racial Justice	na	na
Empty Rivalry	Racial Justice	na	na
Empyrean Frontier	Racial Justice	na	na
Enc and the Flying Machine	Racial Justice	na	na
Engineer Arena	Racial Justice	na	na
ephemera of evalynn cott	Racial Justice	na	na
Ephemeral Tale	Racial Justice	na	na
Epic Battle Fantasy 4	Racial Justice	na	na
Equaboreal 12.21	Racial Justice	na	na
Eris and Umbra	Racial Justice	na	na
Eros System: Core Rulebook	Racial Justice	na	na
Erth	Racial Justice	na	na
Escape from Life Inc	Racial Justice	na	na
Escaped Chasm	Racial Justice	na	na
Escort Yourself Out	Racial Justice	na	na
Eselmir and the five magical gifts	Racial Justice	na	na
Essential Pool Billiards Table Asset Pack - VR/AR	Racial Justice	na	na
Even in Arcadia	Racial Justice	na	na
EVERYONE ON THE MOON IS ESSENTIAL PERSONNEL	Racial Justice	na	na
Eves Drop	Racial Justice	na	na
Exit, Pursued by a Bear	Racial Justice	na	na
Explobers	Racial Justice	na	na
Extended monster pack	Racial Justice	na	na
EXTRACAUSAL	Racial Justice	na	na
Extradimensional Friends	Racial Justice	na	na
EXTREME MEATPUNKS FOREVER	Racial Justice	na	na
Extreme Mining	Racial Justice	na	na
Face Factory	Racial Justice	na	na
Factory Hiro	Racial Justice	na	na
Fadário	Racial Justice	na	na
Fairyland Familiars Coloring Book	Racial Justice	na	na
Fall Diary	Racial Justice	na	na
falling is not the same thing as dying	Racial Justice	na	na
Falling Skies	Racial Justice	na	na
Fantom Feast	Racial Justice	na	na
Far from Noise	Racial Justice	na	na
Farming RPG GUI	Racial Justice	na	na
Fat Bear Week	Racial Justice	na	na
Fate Tectonics	Racial Justice	na	na
Fateful Lore	Racial Justice	na	na
Feathers	Racial Justice	na	na
Feud	Racial Justice	na	na
Fidelity	Racial Justice	na	na
Fighting Monsters	Racial Justice	na	na
Final Lap	Racial Justice	na	na
find(Humanity)	Racial Justice	na	na
Fish Fly Fever	Racial Justice	na	na
FLAMBERGE	Racial Justice	na	na
Flappy AirShip GF/X Asset Pack	Racial Justice	na	na
Flash Point: Fire Rescue	Racial Justice	na	na
FLAT FORM FIGHTER	Racial Justice	na	na
Flat Kingdom	Racial Justice	na	na
Flowerdrops	Racial Justice	na	na
Flux	Racial Justice	na	na
FONT	Racial Justice	na	na
Fools Fortune	Racial Justice	na	na
Football Drama	Racial Justice	na	na
For the Dungeon!	Racial Justice	na	na
For The Honor	Racial Justice	na	na
forest zone bitsy tile pack	Racial Justice	na	na
Forever Lost: Episode 1	Racial Justice	na	na
Forever Lost: Episode 2	Racial Justice	na	na
Forever Lost: Episode 3	Racial Justice	na	na
Forgiveness : Escape Room	Racial Justice	na	na
Found in the Grey	Racial Justice	na	na
Four Sided Fantasy	Racial Justice	na	na
fractured starlight	Racial Justice	na	na
Free Tileset - Gentle Forest	Racial Justice	na	na
Freebooting Rogues of the Infinite Void	Racial Justice	na	na
Freelancers	Racial Justice	na	na
FRIDAY NIGHT BULLET ARENA	Racial Justice	na	na
Friendly Neighborhood Superhero	Racial Justice	na	na
FROG	Racial Justice	na	na
Fugue	Racial Justice	na	na
Fugue in Void	Racial Justice	na	na
Fumiko!	Racial Justice	na	na
FunkyQuadZ - 3D for Construct 3	Racial Justice	na	na
Furries & Scalies & Bears OH MY!: Ultimate Edition	Racial Justice	na	na
Fusion	Racial Justice	na	na
Fusion Shift	Racial Justice	na	na
Galactic Wars	Racial Justice	na	na
Galaxy Goons	Racial Justice	na	na
Gambol	Racial Justice	na	na
Game Dev Flashcards	Racial Justice	na	na
Game Development Cheatsheets - 2018 Edition	Racial Justice	na	na
Game Maker Studio 2 Top Down Engine	Racial Justice	na	na
GAMES BY WILL BRUNN®®®®	Racial Justice	na	na
Games Without Frontiers 2 OST	Racial Justice	na	na
Garden Match	Racial Justice	na	na
Garrison Gauntlet	Racial Justice	na	na
Garrote Couture	Racial Justice	na	na
Gataela - Demo	Racial Justice	na	na
Geese At The Beach: Creatures Tasked With Collecting Things For The Feathery Overlord	Racial Justice	na	na
Generic RPG Starter Pack	Racial Justice	na	na
Gentleman Bandit | Western Cantos I	Racial Justice	na	na
Germination	Racial Justice	na	na
Get Your Game On!	Racial Justice	na	na
Ghost Grab 3000	Racial Justice	na	na
Ghost Story	Racial Justice	na	na
Giant's Chalice	Racial Justice	na	na
Glitch Brushes: Dithering & Text	Racial Justice	na	na
Glitch Brushes: Maze & Organic Textures	Racial Justice	na	na
Glitch Pixel Brushes II	Racial Justice	na	na
Glitch Strike	Racial Justice	na	na
Glitter Hearts	Racial Justice	na	na
Go Morse Go! Arcade Edition	Racial Justice	na	na
Goblins in Shadow (EARLY ACCESS)	Racial Justice	na	na
God, I Hate Wasps	Racial Justice	na	na
GODEATER	Racial Justice	na	na
Godsend	Racial Justice	na	na
Golden Treasure: The Great Green	Racial Justice	na	na
Golem Creation Kit	Racial Justice	na	na
Gondola	Racial Justice	na	na
Gourmet Street: Fantasy Street-Food Adventuring	Racial Justice	na	na
Grave Liasons	Racial Justice	na	na
Graveyard Shift	Racial Justice	na	na
GRAVITY FIGHTERS	Racial Justice	na	na
Gravity Typist	Racial Justice	na	na
Greg the Clumsy Ghost	Racial Justice	na	na
Grievance	Racial Justice	na	na
Grime & Gaslight	Racial Justice	na	na
Grindhouse Games Volume I	Racial Justice	na	na
GRIPHOTIKON | BOOK 1	Racial Justice	na	na
Guide of the Butterfly	Racial Justice	na	na
Guidebook to the Viridian Maw (Forking Paths #1)	Racial Justice	na	na
Guitar Fretter	Racial Justice	na	na
Gumgem	Racial Justice	na	na
Gunducky Industries	Racial Justice	na	na
GUNPIG: Firepower For Hire	Racial Justice	na	na
Hair Dash	Racial Justice	na	na
Halloween Game Icons	Racial Justice	na	na
Hammer Bomb	Racial Justice	na	na
Harvest Valley	Racial Justice	na	na
HATCH	Racial Justice	na	na
Haunted Memories	Racial Justice	na	na
Have I Been Good?	Racial Justice	na	na
Have You Heard About the Beast?	Racial Justice	na	na
He Plays the Piano	Racial Justice	na	na
Head or Tales	Racial Justice	na	na
HEADLINER	Racial Justice	na	na
Headliner: NoviNews	Racial Justice	na	na
Heart and Lightning	Racial Justice	na	na
Heart Full Of Trash	Racial Justice	na	na
Heartbreak High: A Break-Up Simulator	Racial Justice	na	na
Heaven Nor Hell	Racial Justice	na	na
Heavy Bullets	Racial Justice	na	na
Hedera	Racial Justice	na	na
HEIST: Get Rich or Die Trying	Racial Justice	na	na
Helium Rain	Racial Justice	na	na
Hellenica	Racial Justice	na	na
Hello Charlotte EP2: Requiem Aeternam Deo	Racial Justice	na	na
Hello, World	Racial Justice	na	na
HellStar Squadron	Racial Justice	na	na
Hemophiliacademics	Racial Justice	na	na
Hermit the sluggish caterpillar of the sea	Racial Justice	na	na
Hero Too	Racial Justice	na	na
Heroic Asset Series: Buildings Pack	Racial Justice	na	na
Heroic Asset Series: Creature Pack	Racial Justice	na	na
Heroic Asset Series: Icon Pack	Racial Justice	na	na
Heroic Asset Series: Overworld	Racial Justice	na	na
Hero-ing Addict	Racial Justice	na	na
HeroRun	Racial Justice	na	na
Hex Kit	Racial Justice	na	na
Hex Kit: Spaceland Part One; Space	Racial Justice	na	na
HexaCycle	Racial Justice	na	na
HG101 Presents: The Guide to Classic Graphic Adventures	Racial Justice	na	na
Hidden Paws	Racial Justice	na	na
Hidden Stories	Racial Justice	na	na
High Fructose Hyperspace	Racial Justice	na	na
Hippo on Elm Street	Racial Justice	na	na
Hitboxes and Hurtboxes	Racial Justice	na	na
Hive Time	Racial Justice	na	na
Hollow Head	Racial Justice	na	na
Hollytech & Jollymancy	Racial Justice	na	na
Honor Cry: Aftermath	Racial Justice	na	na
Hooklings	Racial Justice	na	na
Hooks And Shotguns	Racial Justice	na	na
Hootgoblins	Racial Justice	na	na
HOT GAY BRO DRAGONS	Racial Justice	na	na
house	Racial Justice	na	na
House of Cards: A Modern Fantasy Story Game	Racial Justice	na	na
How a Wargod found Peace! - Original Soundtrack	Racial Justice	na	na
How About Spikes	Racial Justice	na	na
HPS Cartography Kit	Racial Justice	na	na
HubWorld	Racial Justice	na	na
HUGE pixelart asset pack	Racial Justice	na	na
Humans vs. Humans 2018: Wasteland	Racial Justice	na	na
Hyper Gauntlet: Legacy of Nozzlethruster III	Racial Justice	na	na
Hyper Sentinel	Racial Justice	na	na
I Am	Racial Justice	na	na
I EAT MANTRAS FOR BREAKFAST	Racial Justice	na	na
I Have A Vision	Racial Justice	na	na
I See You	Racial Justice	na	na
I Think	Racial Justice	na	na
I want to be a Triangle	Racial Justice	na	na
Idioctopus	Racial Justice	na	na
if not us	Racial Justice	na	na
Ikigai : One Tiny Life	Racial Justice	na	na
I'm Bored, Let's Explore (Ruins)	Racial Justice	na	na
i'm sorry did you say street magic	Racial Justice	na	na
IMMURE	Racial Justice	na	na
Impulse Drive	Racial Justice	na	na
IMSCARED	Racial Justice	na	na
In Another Life	Racial Justice	na	na
In My Friend Carrie's Car	Racial Justice	na	na
IN PURSUIT	Racial Justice	na	na
In Space, No One Can Hear You Feel	Racial Justice	na	na
In the Darkness (system-neutral adventure)	Racial Justice	na	na
In The Light Of A Ghost Star	Racial Justice	na	na
In the Light of a Setting Sun: Saddlebag Edition	Racial Justice	na	na
INDECT	Racial Justice	na	na
Indiepocalypse #4	Racial Justice	na	na
Ink Transference	Racial Justice	na	na
Inkanians	Racial Justice	na	na
INNER Anthology - FREE	Racial Justice	na	na
Insufficient Adjectives	Racial Justice	na	na
inSynch	Racial Justice	na	na
Interactive Portraits: Trans People in Japan	Racial Justice	na	na
Into the Flames	Racial Justice	na	na
Into The Mist 2: The Cult	Racial Justice	na	na
Into the Sun	Racial Justice	na	na
Intrepid	Racial Justice	na	na
Inverness Nights	Racial Justice	na	na
Iron, Flax, & Bone	Racial Justice	na	na
Ironsworn: Delve	Racial Justice	na	na
ISLANDS: Non-Places	Racial Justice	na	na
It's Dangerous To Go Alone — Take This	Racial Justice	na	na
iZBOT	Racial Justice	na	na
J.Edgar Hoover Vs. Kennedy	Racial Justice	na	na
J.U.L.I.A.: Among the Stars	Racial Justice	na	na
Jazzy Bouncer Soundtrack	Racial Justice	na	na
Jet Buster	Racial Justice	na	na
Jiayou MemoVirus	Racial Justice	na	na
Jimmy and the Pulsating Mass	Racial Justice	na	na
Joggernauts	Racial Justice	na	na
Journey Away	Racial Justice	na	na
JUMPGRID	Racial Justice	na	na
Jumpin' Jupiter : Prelude (ZX Spectrum)	Racial Justice	na	na
Just one, must choose	Racial Justice	na	na
Just Rain	Racial Justice	na	na
Kalling Kingdom	Racial Justice	na	na
Karakuri-kun: A Japanese Tale	Racial Justice	na	na
Karambola	Racial Justice	na	na
Kawaii Game Icons	Racial Justice	na	na
Keeping the Lights On	Racial Justice	na	na
Kenney Game Assets 1	Racial Justice	na	na
KeyCars	Racial Justice	na	na
Kingdom Ka	Racial Justice	na	na
Kings and Pigs - Source Godot Code	Racial Justice	na	na
Kintsugi	Racial Justice	na	na
Kissing Capes	Racial Justice	na	na
Knightmare Tower	Racial Justice	na	na
Knights of the Card Table	Racial Justice	na	na
Knights of the Kitchen Table	Racial Justice	na	na
kno	Racial Justice	na	na
Knowing You	Racial Justice	na	na
Koboldly Go!	Racial Justice	na	na
Koshka's Kofe	Racial Justice	na	na
Kubyx	Racial Justice	na	na
LA Hallucination	Racial Justice	na	na
Labyrinth of Wild Abyss	Racial Justice	na	na
Laika	Racial Justice	na	na
Lancer Core Book: First Edition PDF	Racial Justice	na	na
'Land of Pán-gu' Care Package ???????	Racial Justice	na	na
LaserCat	Racial Justice	na	na
Last Word	Racial Justice	na	na
Lava Caves - Fantasy Pixel Art Tileset	Racial Justice	na	na
Layabouts and Degens	Racial Justice	na	na
LazerGrrl	Racial Justice	na	na
Lazy Galaxy: Rebel Story	Racial Justice	na	na
Lemon Grove	Racial Justice	na	na
Lew Pulsipher's Doomstar	Racial Justice	na	na
Life: the game of chance	Racial Justice	na	na
Lifter -8bit Cyber Platformer Pack	Racial Justice	na	na
Light to Your Heart	Racial Justice	na	na
Like Skyscrapers v1	Racial Justice	na	na
Lil' Dragon - Pixel Art Tileset	Racial Justice	na	na
Lingotopia	Racial Justice	na	na
Little Bug (full version)	Racial Justice	na	na
Little Cells	Racial Justice	na	na
Little Comet	Racial Justice	na	na
Live Hot Bugs (Waiting for YOU on Proxima Centauri b!!)	Racial Justice	na	na
Location Withheld	Racial Justice	na	na
Location Withheld Demake	Racial Justice	na	na
Lo-Fi Stellar Skirmish	Racial Justice	na	na
Lonely Wolf Treat	Racial Justice	na	na
Long Lost Boys of Nowhereland	Racial Justice	na	na
LONGSHIP: A VESSEL RPG	Racial Justice	na	na
Loopy Lore	Racial Justice	na	na
Loot Rascals	Racial Justice	na	na
Lost in Dark Halls (Forking Paths #2)	Racial Justice	na	na
Lost in the Grey	Racial Justice	na	na
LOVE	Racial Justice	na	na
Love by the Quarter Mile	Racial Justice	na	na
Love Hues! (Full Game)	Racial Justice	na	na
Low Poly 3D City Builder	Racial Justice	na	na
Low Poly Auto Racing Car Pack - Devils Work.shop	Racial Justice	na	na
Lowcountry Crawl 1.5	Racial Justice	na	na
Lucid Awakening 2	Racial Justice	na	na
Luminous Labyrinth	Racial Justice	na	na
Luna's Wandering Stars	Racial Justice	na	na
Ma'amser, Saan Po Kayo?	Racial Justice	na	na
Mable & The Wood	Racial Justice	na	na
Mage Against the Machine	Racial Justice	na	na
Make your Adventure	Racial Justice	na	na
Mall Kids	Racial Justice	na	na
Manna for our Malices	Racial Justice	na	na
Manual Intervention	Racial Justice	na	na
MAPPING the CATACOMBS ZINE	Racial Justice	na	na
Marie's Room	Racial Justice	na	na
Masak Ayam	Racial Justice	na	na
Masks	Racial Justice	na	na
Mass Warfare	Racial Justice	na	na
Master Spy	Racial Justice	na	na
MATR1X 0VERL0AD	Racial Justice	na	na
Mausritter	Racial Justice	na	na
Mausritter: Honey in the Rafters	Racial Justice	na	na
Me and (My) Cat's Castle -????(????)?????-	Racial Justice	na	na
Medieval Town and Country + Interiors Bundle	Racial Justice	na	na
Meeting in the Flesh	Racial Justice	na	na
MELWAFF - My Exciting Life With a Fantasy Foreigner!	Racial Justice	na	na
Memoir En Code: Reissue	Racial Justice	na	na
Mendel	Racial Justice	na	na
Meridian	Racial Justice	na	na
Miasma Caves	Racial Justice	na	na
Micro Mages (NES / PC)	Racial Justice	na	na
MicroHorrorArcade Trilogy I - Andy's Story	Racial Justice	na	na
MidBoss	Racial Justice	na	na
Midnight Manor	Racial Justice	na	na
MIDNIGHT ULTRA	Racial Justice	na	na
Miles Infernum	Racial Justice	na	na
Mini Ghost	Racial Justice	na	na
Mission: Accomplished!	Racial Justice	na	na
Mission: It's Complicated	Racial Justice	na	na
mMcFabs's Texture to SkyBox Converter	Racial Justice	na	na
MM's Twitch.tv IRC Interface for GameMaker	Racial Justice	na	na
Mnemonic MV™	Racial Justice	na	na
Mobius	Racial Justice	na	na
Modular Cartoon Low-Poly Dungeon Props and Tileset Pack	Racial Justice	na	na
Modular Walls Asset Pack	Racial Justice	na	na
Mole	Racial Justice	na	na
Mon-cuties for All	Racial Justice	na	na
MonGirl Tile	Racial Justice	na	na
Monster Jaunt	Racial Justice	na	na
Monster Match	Racial Justice	na	na
Monsters of Kanji	Racial Justice	na	na
MONUMENTAL FAILURE	Racial Justice	na	na
Moon Child & Sun Knight	Racial Justice	na	na
Moonsailors	Racial Justice	na	na
MORFOSI|???	Racial Justice	na	na
MORTAGH: COLLECTOR of SOULS	Racial Justice	na	na
Moss Creeps, Stone Crumbles	Racial Justice	na	na
Mossy Mechanics!	Racial Justice	na	na
mr mayor tells your fortune recounts a story and offers you snacks	Racial Justice	na	na
Mu Cartographer	Racial Justice	na	na
MULTIPUCK	Racial Justice	na	na
My Brain Is A Stick Of Butter	Racial Justice	na	na
My Friend Took Me To A Feline Therapy Place For My Anxiety And I’m Starting To Wonder Where The Cats Are?	Racial Justice	na	na
My Haunted Doll	Racial Justice	na	na
My Jam	Racial Justice	na	na
My Way	Racial Justice	na	na
Myth Bearer	Racial Justice	na	na
Mythic Mortals	Racial Justice	na	na
Mythic Mortals: Multiplied	Racial Justice	na	na
Mythos: Reawakening	Racial Justice	na	na
Mythtaken	Racial Justice	na	na
Nano Driller	Racial Justice	na	na
Navigator	Racial Justice	na	na
Nelly Cootalot: Spoonbeaks Ahoy!	Racial Justice	na	na
Neocolonialism	Racial Justice	na	na
NeoLite	Racial Justice	na	na
Neon Blight: Final Demo	Racial Justice	na	na
Neon Valley: Revenge	Racial Justice	na	na
Nest Lander	Racial Justice	na	na
Never Knows Best: Ashcan Edition	Racial Justice	na	na
New Ice York	Racial Justice	na	na
Newfound Courage	Racial Justice	na	na
Nigel	Racial Justice	na	na
Night in the Woods	Racial Justice	na	na
NIGHT OF THE CONSUMERS	Racial Justice	na	na
Nina Aquila: Legal Eagle, Chapter II: 'Broken Wings'	Racial Justice	na	na
Nine Nines	Racial Justice	na	na
NiNi	Racial Justice	na	na
No Brakes Valet	Racial Justice	na	na
No cortarás a tu hermana con el filo de esta espada	Racial Justice	na	na
No Delivery	Racial Justice	na	na
No More Kings	Racial Justice	na	na
No One Dies Alone In Revolution	Racial Justice	na	na
No Pineapple Left Behind	Racial Justice	na	na
No Rest For The Wicked	Racial Justice	na	na
no secrets	Racial Justice	na	na
No Stone Unturned	Racial Justice	na	na
NOISE1	Racial Justice	na	na
Noons	Racial Justice	na	na
Nótt & Dagr	Racial Justice	na	na
Nowhere Kingdom	Racial Justice	na	na
nullpointer	Racial Justice	na	na
Nuvoloso	Racial Justice	na	na
Oath of the Ambling Rose	Racial Justice	na	na
Oath of the Even Hand	Racial Justice	na	na
Oath of the Good Traitor	Racial Justice	na	na
Obachan Panic!	Racial Justice	na	na
Octodad	Racial Justice	na	na
Octodad: Dadliest Catch	Racial Justice	na	na
Odd Realm	Racial Justice	na	na
OddyTree	Racial Justice	na	na
Of Bodies	Racial Justice	na	na
Oh Maker	Racial Justice	na	na
Oh No! Bugs!	Racial Justice	na	na
Oikospiel Book I	Racial Justice	na	na
Okay, Hero	Racial Justice	na	na
Old Man Character Sound Effects	Racial Justice	na	na
Ollie & Bollie: Outdoor Estate	Racial Justice	na	na
Ominous!	Racial Justice	na	na
OmniMyth Fables	Racial Justice	na	na
On Rusty Trails	Racial Justice	na	na
One Last Fight	Racial Justice	na	na
One Night Stand	Racial Justice	na	na
One Page Bayhem	Racial Justice	na	na
One Page Dungeons	Racial Justice	na	na
One-Eyed Lee and the Dinner Party	Racial Justice	na	na
One-Eyed Lee: Prologue	Racial Justice	na	na
OneShot	Racial Justice	na	na
Online Simulator	Racial Justice	na	na
Operation Penguin	Racial Justice	na	na
Orbis - Throw them all!	Racial Justice	na	na
Orichalcum	Racial Justice	na	na
Original Roseville Beach Beta Version (Created for Dark Streets & Darker Secrets)	Racial Justice	na	na
Orion Trail	Racial Justice	na	na
Orison of Mercury	Racial Justice	na	na
Otherside	Racial Justice	na	na
Our Hero Neighbors	Racial Justice	na	na
Our Lady	Racial Justice	na	na
Our Love Can't Save The World	Racial Justice	na	na
Our Pantheon	Racial Justice	na	na
Out from the Shadows (Forking Paths #3)	Racial Justice	na	na
Out the Window: a car trip sim	Racial Justice	na	na
Outdoor Adventurer Tileset	Racial Justice	na	na
Outpost Horizon Station	Racial Justice	na	na
Over Run	Racial Justice	na	na
Over the Moon	Racial Justice	na	na
Overland	Racial Justice	na	na
Oxenfree	Racial Justice	na	na
PADager	Racial Justice	na	na
PAGAN: Autogeny	Racial Justice	na	na
Paid RPG Pixel Art Assets 2	Racial Justice	na	na
Painty Balls	Racial Justice	na	na
Panmorphia	Racial Justice	na	na
Parallax	Racial Justice	na	na
Paranautical Activity	Racial Justice	na	na
Parsnip	Racial Justice	na	na
Patches Of Adventure	Racial Justice	na	na
Path Out	Racial Justice	na	na
Peak Bleak Blues (and other moods)	Racial Justice	na	na
Peckin' Pixels	Racial Justice	na	na
Penguins Arena	Racial Justice	na	na
Penicillin Issue #1	Racial Justice	na	na
Penicillin Issue #2	Racial Justice	na	na
Penicillin Issue #3	Racial Justice	na	na
perfect park	Racial Justice	na	na
Perpetuum Mobile	Racial Justice	na	na
Perspectrum	Racial Justice	na	na
Petal Paladins!	Racial Justice	na	na
Petty Puny Planet	Racial Justice	na	na
Philip K. Dick's Tony and the Beetles	Racial Justice	na	na
Phoenix Heavy	Racial Justice	na	na
Photoshop Inkers	Racial Justice	na	na
Photoshop Real Pencils	Racial Justice	na	na
Pichon!	Racial Justice	na	na
Picking Up the Pieces	Racial Justice	na	na
Picky Pop	Racial Justice	na	na
PICO-8	Racial Justice	na	na
pieces	Racial Justice	na	na
Pillars of Dust	Racial Justice	na	na
Pin Puck	Racial Justice	na	na
Pixel Art Medieval Fantasy Characters Pack	Racial Justice	na	na
PIXEL ART METROIDVANIA ASSET PACK	Racial Justice	na	na
PIXEL FANTASY RPG ICONS	Racial Justice	na	na
Pixel Plebes Digital Card Deck	Racial Justice	na	na
PIXEL SPACESHIPS (Shoot'em Ups Assets) (HD)	Racial Justice	na	na
Pixelry	Racial Justice	na	na
Pizza Heroes	Racial Justice	na	na
PizzaBoy	Racial Justice	na	na
Plana Gravatatis	Racial Justice	na	na
plant daddy	Racial Justice	na	na
Plasty: A Thing of Beauty	Racial Justice	na	na
Platformer SFX	Racial Justice	na	na
Play With Gilbert - Remake	Racial Justice	na	na
Player Two Is Unprepared	Racial Justice	na	na
please	Racial Justice	na	na
Please Follow	Racial Justice	na	na
Pocket Square	Racial Justice	na	na
Poison for Beginners	Racial Justice	na	na
Polymute	Racial Justice	na	na
POM SIMULATOR 9000	Racial Justice	na	na
Potion Commotion:  Heart Edition	Racial Justice	na	na
PQ93	Racial Justice	na	na
Praxis Arcanum	Racial Justice	na	na
Predicate	Racial Justice	na	na
Prismot!: A Troikawave Zine, Issue 1	Racial Justice	na	na
probability 0	Racial Justice	na	na
Procession	Racial Justice	na	na
Project Galileo: A One-Shot for Trophy Dark	Racial Justice	na	na
Project Kat	Racial Justice	na	na
Propagating Love	Racial Justice	na	na
PS1 Dachshund Process Videos + Blender 3D Model	Racial Justice	na	na
Pulstario	Racial Justice	na	na
Pumpkin Peril	Racial Justice	na	na
Pumpking	Racial Justice	na	na
PuPaiPo Space Deluxe	Racial Justice	na	na
Purple Chicken Spaceman	Racial Justice	na	na
Purplest Prose	Racial Justice	na	na
Puzlogic	Racial Justice	na	na
Puzzle Puppers	Racial Justice	na	na
PVGames Sci-Fi	Racial Justice	na	na
Pyramid	Racial Justice	na	na
Pyramidal Break™	Racial Justice	na	na
Pyre	Racial Justice	na	na
Radical Solitaire	Racial Justice	na	na
Raik	Racial Justice	na	na
Rainbow World	Racial Justice	na	na
Rasternauts	Racial Justice	na	na
Reach	Racial Justice	na	na
Real Winners: Victoryball	Racial Justice	na	na
Realm of the Ghost King	Racial Justice	na	na
Receiver	Racial Justice	na	na
Recording the Predestined Time	Racial Justice	na	na
reky	Racial Justice	na	na
Relaxing Ocean SFX - Audio Asset Pack	Racial Justice	na	na
Remember Me	Racial Justice	na	na
Remnants	Racial Justice	na	na
Reproduction Man	Racial Justice	na	na
Research Arcanaum	Racial Justice	na	na
Resistance is Fruitile	Racial Justice	na	na
RESPITE 2.0	Racial Justice	na	na
Rex: Another Island	Racial Justice	na	na
reYal	Racial Justice	na	na
Ring of Fire Prologue	Racial Justice	na	na
ring ring	Racial Justice	na	na
RISK SYSTEM	Racial Justice	na	na
River Tiles	Racial Justice	na	na
Rock n' Rush: Battle Racing	Racial Justice	na	na
Rogue Rocks	Racial Justice	na	na
Rogues Like Us	Racial Justice	na	na
Roguescape	Racial Justice	na	na
Roll+Heart	Racial Justice	na	na
Rolling with Laughter	Racial Justice	na	na
RPG Farming Kit	Racial Justice	na	na
RPG Items - Retro Pack	Racial Justice	na	na
RPG Monsters & Minions HUGE Pack	Racial Justice	na	na
RPG Town Tileset	Racial Justice	na	na
RPM - Rage's Platformer Movement Plus	Racial Justice	na	na
Ruby Radiance 6e	Racial Justice	na	na
Run Jump Fail	Racial Justice	na	na
Runner3	Racial Justice	na	na
RYB	Racial Justice	na	na
Rym 9000	Racial Justice	na	na
Ryza Roads	Racial Justice	na	na
SACRIFICE	Racial Justice	na	na
SAI	Racial Justice	na	na
Salvage Solitude 8140	Racial Justice	na	na
Sandcastles (2017)	Racial Justice	na	na
Sanguine Sanctum	Racial Justice	na	na
Satan Loves Cake	Racial Justice	na	na
Satan, Pay My Rent!	Racial Justice	na	na
Satellite Repairman	Racial Justice	na	na
Saudade	Racial Justice	na	na
Savage Blood	Racial Justice	na	na
Savage Tokusatsu: Kaiju, Mechs, and Heroes for Savage Worlds	Racial Justice	na	na
Savage Tokusatsu: Shimmer Guardians Adventures!	Racial Justice	na	na
Save the Universe	Racial Justice	na	na
Saving You From Yourself - Unity Remake	Racial Justice	na	na
Saviors of Hogtown	Racial Justice	na	na
SC: Monster Pack 1 - DELUXE EDITION	Racial Justice	na	na
Scary Monsters & Nice Sprites	Racial Justice	na	na
Schema	Racial Justice	na	na
Scrapper	Racial Justice	na	na
Scratch's Sc0re	Racial Justice	na	na
Scratch's Sc0re: Hellish Descent	Racial Justice	na	na
Season's Beatings	Racial Justice	na	na
Seco Creek Vigilance Committee	Racial Justice	na	na
Secret Ingredients	Racial Justice	na	na
Secret Little Haven	Racial Justice	na	na
Seduce Me The Complete Story	Racial Justice	na	na
Semblance	Racial Justice	na	na
Serre	Racial Justice	na	na
Served	Racial Justice	na	na
Setealém: The Seventh Beyond	Racial Justice	na	na
Shadowcut	Racial Justice	na	na
Shattered	Racial Justice	na	na
Sheep Dreams Are Made of This	Racial Justice	na	na
Sheepless Nights (Math cardgame)	Racial Justice	na	na
Shift	Racial Justice	na	na
Ships That Pass	Racial Justice	na	na
shipwrights	Racial Justice	na	na
Short Film	Racial Justice	na	na
Shrug Island - The Meeting	Racial Justice	na	na
Silk	Racial Justice	na	na
SilverQuest Gaiden	Racial Justice	na	na
Simply The Best	Racial Justice	na	na
SINS - The RPG - PDF	Racial Justice	na	na
Six Match	Racial Justice	na	na
Skeleton Song	Racial Justice	na	na
Skeletris	Racial Justice	na	na
Skill Points	Racial Justice	na	na
Skin & Bones	Racial Justice	na	na
Skin Deep Bundle	Racial Justice	na	na
Skyfarer	Racial Justice	na	na
Slam Fighter II	Racial Justice	na	na
Slayers (OLD)	Racial Justice	na	na
Sleepaway	Racial Justice	na	na
Smash the System	Racial Justice	na	na
Snake Blocks	Racial Justice	na	na
Snapshot Shaders Pro (Unity)	Racial Justice	na	na
SNES Original Soundtrack Small Collection	Racial Justice	na	na
So You've Been Thrown Down A Well	Racial Justice	na	na
Social Justice Warriors	Racial Justice	na	na
Soft Body	Racial Justice	na	na
Sokoban Land DX	Racial Justice	na	na
SOLACEBOUND	Racial Justice	na	na
Solar Collector	Racial Justice	na	na
Soldier of Fortune	Racial Justice	na	na
Solitaire	Racial Justice	na	na
Soma Spirits: Rebalance	Racial Justice	na	na
Some Like It Hot: Chapter 0	Racial Justice	na	na
Some Small Games	Racial Justice	na	na
Sonar Smash	Racial Justice	na	na
Songbirds - Core Rulebook	Racial Justice	na	na
Sorbetta: Gravely in Debt	Racial Justice	na	na
SOS: SPECIAL OPERATIVE STORIES	Racial Justice	na	na
SOULS & STRIPES	Racial Justice	na	na
Sound Effects: Reptiles and more	Racial Justice	na	na
Space Combat Engine	Racial Justice	na	na
Space Goblins!	Racial Justice	na	na
Space Madness	Racial Justice	na	na
Space Mayhem	Racial Justice	na	na
Space Mining Clicker	Racial Justice	na	na
SPACEBEEF	Racial Justice	na	na
Spare the rod, Spoil the child	Racial Justice	na	na
Spectres of the Cold	Racial Justice	na	na
Speed Farmers	Racial Justice	na	na
Spellchitects!	Racial Justice	na	na
Spirits of Xanadu	Racial Justice	na	na
Splodey Vaders	Racial Justice	na	na
Spoken Magic	Racial Justice	na	na
Spring On Me	Racial Justice	na	na
SpringBack	Racial Justice	na	na
Sprite Pack - Fantasy Female Mage	Racial Justice	na	na
Sprite Pack - Fantasy Male Mage	Racial Justice	na	na
Stage Fright	Racial Justice	na	na
Stake Sauce Arc 1: The Secret Ingredient Is Love. (No, Really.)	Racial Justice	na	na
Stand Up	Racial Justice	na	na
Standoff	Racial Justice	na	na
Star and Light 1.0	Racial Justice	na	na
Star Escape	Racial Justice	na	na
Starcats	Racial Justice	na	na
STARDROP	Racial Justice	na	na
starseed pilgrim	Racial Justice	na	na
STARSHIP: A VESSEL RPG	Racial Justice	na	na
Steal This Game! Rebels & Renegades	Racial Justice	na	na
Stealth Fishing	Racial Justice	na	na
Stellaxy	Racial Justice	na	na
Stick Nightmare	Racial Justice	na	na
Stoneblade	Racial Justice	na	na
stop	Racial Justice	na	na
Stophat	Racial Justice	na	na
Story Time Frames	Racial Justice	na	na
STOWAWAY	Racial Justice	na	na
Strike! RPG: Tactical Combat and Heedless Adventure	Racial Justice	na	na
String Tyrant	Racial Justice	na	na
Subway Runners	Racial Justice	na	na
Succulent Sorcerers!	Racial Justice	na	na
Summer Garden Set	Racial Justice	na	na
Sundown	Racial Justice	na	na
Super Bernie World	Racial Justice	na	na
Super Crome: Bullet Purgatory	Racial Justice	na	na
SUPER CUBE ATTACK	Racial Justice	na	na
Super Dunkman	Racial Justice	na	na
Super HelmKnight	Racial Justice	na	na
Super Ledgehop: Double Laser	Racial Justice	na	na
Super Meat Boy! - Digital Special Edition Soundtrack	Racial Justice	na	na
Super Platformer Gun	Racial Justice	na	na
Super Rad Raygun	Racial Justice	na	na
Super Sellout	Racial Justice	na	na
Super Slime Arena	Racial Justice	na	na
Super Spooky Supernatural Cruise Ship Party	Racial Justice	na	na
Superhuman Industrial and Immaterial, Incorporated	Racial Justice	na	na
SuperShot - Screenshot Tool	Racial Justice	na	na
Surprise Mechanic: The Gaming Trivia	Racial Justice	na	na
Surreal Estate	Racial Justice	na	na
Sushi Master VR -  ????VR -	Racial Justice	na	na
Sverdheim	Racial Justice	na	na
Sweet Volley High (All Ages ver)	Racial Justice	na	na
Swords and Daggers Pack	Racial Justice	na	na
Swords Pack x6	Racial Justice	na	na
Synestia	Racial Justice	na	na
SYSCRUSHER	Racial Justice	na	na
Tabletop Archaeology 101	Racial Justice	na	na
Taco Tom 2	Racial Justice	na	na
Tales Across Time	Racial Justice	na	na
Tales from the Road	Racial Justice	na	na
TAMASHII	Racial Justice	na	na
Tampalasan ALPHA	Racial Justice	na	na
TANGLEWOOD® (SEGA Mega Drive and Genesis)	Racial Justice	na	na
Tangrams Deluxe	Racial Justice	na	na
Task Force Kampas	Racial Justice	na	na
Temple Scramble	Racial Justice	na	na
Ten People You Meet In The Undergarden	Racial Justice	na	na
Terri-Fried	Racial Justice	na	na
Tessa's Ark: Chapter 1	Racial Justice	na	na
Test Tube Titans	Racial Justice	na	na
That Puzzle Game Everyone Knows	Racial Justice	na	na
That Which Binds Us	Racial Justice	na	na
The Adventures of Elena Temple: Definitive Edition	Racial Justice	na	na
The Alabaster Donut Farm	Racial Justice	na	na
The Aquatic Adventure of the Last Human	Racial Justice	na	na
The Archives of Evil Dr BA	Racial Justice	na	na
The Artifact	Racial Justice	na	na
The Away Team	Racial Justice	na	na
The Big Wave: Colorblind & Deaf Friendly Puzzle Game	Racial Justice	na	na
The Binding And Drawing Of Power	Racial Justice	na	na
The Binding of Isaac OST	Racial Justice	na	na
The BLOODY-HANDED NAME of BRONZE	Racial Justice	na	na
The Bookshelf	Racial Justice	na	na
The Boughs - A Campaign Setting	Racial Justice	na	na
The Buried	Racial Justice	na	na
The Captain's Log	Racial Justice	na	na
THE CAT HACK	Racial Justice	na	na
The City is as Stars	Racial Justice	na	na
The Colors of Magic	Racial Justice	na	na
THE COMPANY	Racial Justice	na	na
The Cool Zone	Racial Justice	na	na
The Corrupted Kingdom	Racial Justice	na	na
THE COUNCIL	Racial Justice	na	na
The Crash of 20*6 | A sci-fi setting supplement	Racial Justice	na	na
The Curse of Dread Pirate Zarr	Racial Justice	na	na
The Curse of the House of Rookwood	Racial Justice	na	na
The Curse of Trasmoz	Racial Justice	na	na
The D1 RPG	Racial Justice	na	na
The Dark Below	Racial Justice	na	na
The Dark by Eric Koziol	Racial Justice	na	na
The Dastardly Dairy Debacle	Racial Justice	na	na
The Death of the Corpse Wizard	Racial Justice	na	na
The Deer God	Racial Justice	na	na
THE ENIGMA MACHINE	Racial Justice	na	na
The Estate of Baron Archambaud, an Ingrate	Racial Justice	na	na
The Festival of Deep Winter	Racial Justice	na	na
The Finest (there will be no music)	Racial Justice	na	na
The Fool's Journey	Racial Justice	na	na
The Gateshead Engine	Racial Justice	na	na
The Ghost Houses of Phylinecra	Racial Justice	na	na
The Glass Dream Game	Racial Justice	na	na
The Goose of Grillner Grove	Racial Justice	na	na
The Ground Itself	Racial Justice	na	na
The Guilt and the Shadow	Racial Justice	na	na
The Harvest - 5e Adventure	Racial Justice	na	na
The Hex	Racial Justice	na	na
The House on Holland Hill	Racial Justice	na	na
The Importance of Being Convergent	Racial Justice	na	na
The Indifferent Wonder of an Edible Place	Racial Justice	na	na
The Japan Collection: Japanese City Game Assets	Racial Justice	na	na
The King's Bird	Racial Justice	na	na
The Land of Glass	Racial Justice	na	na
The Land of Pan-gu ????	Racial Justice	na	na
The Land Whispers	Racial Justice	na	na
The Love Balloon	Racial Justice	na	na
The Maker's Eden	Racial Justice	na	na
The Morrison Survival Game™	Racial Justice	na	na
The Müll Littoral	Racial Justice	na	na
The Name of God	Racial Justice	na	na
THE NEWLY ARRIVED	Racial Justice	na	na
The Night Journey	Racial Justice	na	na
The Nine Lives of Nim: Fortune's Fool	Racial Justice	na	na
The Novelist	Racial Justice	na	na
The Old Man + Extra chapter	Racial Justice	na	na
THE OLD WINDMILL - GAME TILESET	Racial Justice	na	na
The Page I Didn't Write	Racial Justice	na	na
The Political Compass: Devil's Labyrinth	Racial Justice	na	na
The Queen Returns	Racial Justice	na	na
The Rainsdowne Players	Racial Justice	na	na
The Real Texas	Racial Justice	na	na
The Reaper's Almanac	Racial Justice	na	na
The Recipe Of Madness	Racial Justice	na	na
The River	Racial Justice	na	na
The Sailor and the Siren	Racial Justice	na	na
The Sealed Library	Racial Justice	na	na
The Secret of Tremendous Corporation	Racial Justice	na	na
The Sleuth	Racial Justice	na	na
The Space Between	Racial Justice	na	na
The Stars Whisper	Racial Justice	na	na
The Subject	Racial Justice	na	na
The Supper	Racial Justice	na	na
The Sword and the Loves	Racial Justice	na	na
The Sword and the Slime	Racial Justice	na	na
The Synth Convergence	Racial Justice	na	na
The Three-Body Problem	Racial Justice	na	na
The Trans Zone	Racial Justice	na	na
The Valley of Super Flowers	Racial Justice	na	na
The Warlock - A Dungeon World Playbook	Racial Justice	na	na
The Watching Book	Racial Justice	na	na
The Way You Make Me Feel	Racial Justice	na	na
The Whisperer in Darkness	Racial Justice	na	na
The Wind Began to Howl	Racial Justice	na	na
The Witches Tea Party	Racial Justice	na	na
The Wizard: Original Soundtrack	Racial Justice	na	na
The Wolf's Bite	Racial Justice	na	na
The World Begins With You	Racial Justice	na	na
Theorem	Racial Justice	na	na
There Will Be Ink	Racial Justice	na	na
These Cards Have Hearts	Racial Justice	na	na
They Stole the Moon	Racial Justice	na	na
They Won't Go When I Go	Racial Justice	na	na
Thing-in-Itself	Racial Justice	na	na
This Call May Be Recorded	Racial Justice	na	na
This Party Sucks	Racial Justice	na	na
This Strange Realm Of Mine	Racial Justice	na	na
This Title in no way Denotes the Quality of the Writing in the Short Stories Contained Herein: A Collective	Racial Justice	na	na
This World Unknown	Racial Justice	na	na
Those Spacecrafts	Racial Justice	na	na
Thou Shalt Be Brave	Racial Justice	na	na
Thrunt	Racial Justice	na	na
ThrustMe	Racial Justice	na	na
TICKET	Racial Justice	na	na
Time Stone	Racial Justice	na	na
Timebomb	Racial Justice	na	na
TimeOut	Racial Justice	na	na
TinkerQuarry	Racial Justice	na	na
Tiny Adventure Pack Plus	Racial Justice	na	na
Tiny Dangerous Dungeons	Racial Justice	na	na
Tiny God: A Tiny Game of Two-Minute Mindfulness	Racial Justice	na	na
To Be a HerpWitch	Racial Justice	na	na
Toaster Jam	Racial Justice	na	na
TOGETHER / ALONE	Racial Justice	na	na
Told By Starlight	Racial Justice	na	na
Tomb of George DiMaggio	Racial Justice	na	na
Tome of Rites and Rituals - Volume 1	Racial Justice	na	na
Top-Down - Interior Tileset	Racial Justice	na	na
TorqueL / ????	Racial Justice	na	na
Toto Temple Deluxe	Racial Justice	na	na
Touched by Evil	Racial Justice	na	na
Touhou Fan Game Jam Black Lives Matter Collection	Racial Justice	na	na
Towertale	Racial Justice	na	na
Transitions - Godot Asset	Racial Justice	na	na
Transmission Burst: Volume 1	Racial Justice	na	na
Transmission Burst: Volume 2	Racial Justice	na	na
Trash wars	Racial Justice	na	na
Trawl	Racial Justice	na	na
tri.Attack();	Racial Justice	na	na
Tricksters	Racial Justice	na	na
True Believer	Racial Justice	na	na
Try	Racial Justice	na	na
Turn Chase	Racial Justice	na	na
Tutorial: Versatile InDesign Book Covers	Racial Justice	na	na
TV Guide	Racial Justice	na	na
Two Years of Mini-RPGs, 2017—2019	Racial Justice	na	na
U.F.O - Unfortunately Fortunate Organisms	Racial Justice	na	na
Uneasy Lies the Head	Racial Justice	na	na
Unfair Jousting Fair	Racial Justice	na	na
Ungrounded	Racial Justice	na	na
Unmoored	Racial Justice	na	na
Us Lovely Corpses	Racial Justice	na	na
User Is Typing // Message Sent	Racial Justice	na	na
Utopias: Navigating Without Coordinates	Racial Justice	na	na
VAMPUNKS	Racial Justice	na	na
Vaporwave Wallpaper Pack	Racial Justice	na	na
Vegetables Deluxe C64	Racial Justice	na	na
Veiled	Racial Justice	na	na
VekWars	Racial Justice	na	na
Verdant Skies	Racial Justice	na	na
Veritas	Racial Justice	na	na
VICAM	Racial Justice	na	na
VIDEGOAME	Racial Justice	na	na
VIDEOSTORE - A Monster of the Week Double Feature	Racial Justice	na	na
Village Monsters	Racial Justice	na	na
Vilmonic	Racial Justice	na	na
Vincent: The Secret of Myers	Racial Justice	na	na
Vision Soft Reset	Racial Justice	na	na
Visual Out	Racial Justice	na	na
Viv and Bob	Racial Justice	na	na
Voles of the Dusk	Racial Justice	na	na
Volo Airsport	Racial Justice	na	na
Voxel Currency	Racial Justice	na	na
Voyageur	Racial Justice	na	na
VR Drum Studio	Racial Justice	na	na
VULTURES	Racial Justice	na	na
Waiting for the Loop	Racial Justice	na	na
Wakamarina Valley, New Zealand	Racial Justice	na	na
Walden, a game	Racial Justice	na	na
Walking Doggos	Racial Justice	na	na
Walking Tourist	Racial Justice	na	na
Wandering Dreams	Racial Justice	na	na
Wandering Spark	Racial Justice	na	na
Wanderlust	Racial Justice	na	na
WAR RIG: A VESSEL RPG	Racial Justice	na	na
Warden: Melody of the Undergrowth	Racial Justice	na	na
warm	Racial Justice	na	na
Warm Then Hot	Racial Justice	na	na
Wave to the People	Racial Justice	na	na
WaveCrash!!	Racial Justice	na	na
Way With Worlds Book 1: Crafting Great Fictional Settings	Racial Justice	na	na
Way With Worlds Book 2: Details And Discussion	Racial Justice	na	na
We Are Ciphers	Racial Justice	na	na
We Used to Be Friends	Racial Justice	na	na
Weirdogs - 01 - The Best Day Ever	Racial Justice	na	na
WET CIGARETTE	Racial Justice	na	na
What happened to Survey Team 4?	Racial Justice	na	na
What Is Here?	Racial Justice	na	na
What Isn't Saved (will be lost)	Racial Justice	na	na
What We Lost To The Flames	Racial Justice	na	na
What's a Vaporwave	Racial Justice	na	na
When the Messages Began	Racial Justice	na	na
When You Meet Your Doppelganger on the Road, You Must Make Out With Them	Racial Justice	na	na
Where is cat?	Racial Justice	na	na
Whipped And Steamy • Cosplay Café	Racial Justice	na	na
whirlibird	Racial Justice	na	na
who will you save? who will you serve?	Racial Justice	na	na
Wide Ocean Big Jacket	Racial Justice	na	na
Wild Speed: Space Family	Racial Justice	na	na
Wild Woods	Racial Justice	na	na
WILOO	Racial Justice	na	na
Winter Bundle (ENG)	Racial Justice	na	na
Winterlore I	Racial Justice	na	na
Wishing Sarah	Racial Justice	na	na
Witch Thief	Racial Justice	na	na
WitchWay	Racial Justice	na	na
With These Phantom Hands	Racial Justice	na	na
Wooden Hearts	Racial Justice	na	na
Woodland Chasers	Racial Justice	na	na
Word After Word	Racial Justice	na	na
Wordsum Blitz	Racial Justice	na	na
World Maker	Racial Justice	na	na
Worlds Without Master Issue 3	Racial Justice	na	na
Woter-a tale of two water cans - Game jam demo	Racial Justice	na	na
Wretched Wasteland	Racial Justice	na	na
WretchWorks Arcade Pack	Racial Justice	na	na
Xander the Monster Morpher: Universe Breaker	Racial Justice	na	na
Year after Year	Racial Justice	na	na
Yokai Hunters Society	Racial Justice	na	na
You Died but a Necromancer revived you	Racial Justice	na	na
You Have One Ability...The Ability To Fuck This Up!	Racial Justice	na	na
you wouldn't last one minute on the creek	Racial Justice	na	na
your body, an altar	Racial Justice	na	na
Your Dead Friend	Racial Justice	na	na
Your Magic Circle	Racial Justice	na	na
your sister's drown'd, laertes	Racial Justice	na	na
Zak	Racial Justice	na	na
Zenodyne R	Racial Justice	na	na
Zenohell	Racial Justice	na	na
Zepball Deluxe	Racial Justice	na	na
Zeph	Racial Justice	na	na
ZEPTON	Racial Justice	na	na
Zone of Lacryma	Racial Justice	na	na
