(Inkbit) Pixel Art Font Set	na	na	Ukraine Assist
(MOOD) Pixel Art Font Set	na	na	Ukraine Assist
(New Hi-Score) Pixel Art Font	na	na	Ukraine Assist
(Not Escape Room)	na	na	Ukraine Assist
</reality>	na	na	Ukraine Assist
10 Fantasy Pixel Human Village Character	na	na	Ukraine Assist
10 Flights of Ballooning	na	na	Ukraine Assist
10mg: SNAAAK	na	na	Ukraine Assist
16x16 Platformer Pack (FREE DEMO)	na	na	Ukraine Assist
18XX Dreams	na	na	Ukraine Assist
1993 Space Machine	na	na	Ukraine Assist
1-bit tileset 8*8px (Pulp compatible)	na	na	Ukraine Assist
2   9   0   1  / / FREELANCER	na	na	Ukraine Assist
2901//DRUM_DREAM Vol2	na	na	Ukraine Assist
6 pack of craft games	na	na	Ukraine Assist
8×8 Platformer Asset Pack with pico-8 palette	na	na	Ukraine Assist
A Dance of Fire and Ice	na	na	Ukraine Assist
A Fairy’s Day Adventure into the Human World	na	na	Ukraine Assist
A History of Moments	na	na	Ukraine Assist
A Man on the Road	na	na	Ukraine Assist
A Modern Prometheus	na	na	Ukraine Assist
A New Shell	na	na	Ukraine Assist
A Planet of Mine	na	na	Ukraine Assist
A Set Of Scrubs	na	na	Ukraine Assist
A Sketchbook About Her Sun	na	na	Ukraine Assist
A Visit To San Sibilia	na	na	Ukraine Assist
A Voyage to Fairy-Land	na	na	Ukraine Assist
About Love, Hate & the other ones	na	na	Ukraine Assist
Absolute Blue	na	na	Ukraine Assist
Acid Death Fantasy	na	na	Ukraine Assist
Adventures On A Single Page · Season 1	na	na	Ukraine Assist
After The End: The Harvest	na	na	Ukraine Assist
After the War	na	na	Ukraine Assist
Against the Fall of Night Playtest	na	na	Ukraine Assist
Air Dasher	na	na	Ukraine Assist
All Hands on Deck	na	na	Ukraine Assist
Alone in Cyberspace	na	na	Ukraine Assist
Alone in the Dungeon	na	na	Ukraine Assist
Alone With You	na	na	Ukraine Assist
Alt-Frequencies	na	na	Ukraine Assist
Ambient Puzzle Music/SFX Pack	na	na	Ukraine Assist
Amelie	na	na	Ukraine Assist
Amethyst Hearth	na	na	Ukraine Assist
An Outcry, prelude	na	na	Ukraine Assist
Ancient Temple - 16 Colour Tileset	na	na	Ukraine Assist
Angry Video Game Nerd I&II Deluxe	na	na	Ukraine Assist
Another Hero	na	na	Ukraine Assist
Antecrypt?	na	na	Ukraine Assist
APOCALYPSE FRAME	na	na	Ukraine Assist
As the Crow Flies	na	na	Ukraine Assist
Ash K's Chunkiest Juice template	na	na	Ukraine Assist
Asterism	na	na	Ukraine Assist
Asteroids... But Roguelite	na	na	Ukraine Assist
Attentat 1942	na	na	Ukraine Assist
Attraction Force	na	na	Ukraine Assist
Attrition	na	na	Ukraine Assist
Aventures en une page · Saison 1	na	na	Ukraine Assist
Avery Chase - EP2 : Travelling Without Moving	na	na	Ukraine Assist
Awesome Mix Tape	na	na	Ukraine Assist
Backbone	na	na	Ukraine Assist
Baldi's Basics Plus	na	na	Ukraine Assist
Balloony's adventure	na	na	Ukraine Assist
Bard Harder!	na	na	Ukraine Assist
Bark and Grass Materials	na	na	Ukraine Assist
Be Not Afraid A.K.A. Seraphim Horror Show!?	na	na	Ukraine Assist
Beloved	na	na	Ukraine Assist
Beneath the Broken Sword	na	na	Ukraine Assist
Bezier	na	na	Ukraine Assist
Big Rock Candy Hexcrawl	na	na	Ukraine Assist
Binky's Trash Service	na	na	Ukraine Assist
Bleak Spirit	na	na	Ukraine Assist
Blue Shift	na	na	Ukraine Assist
Blugard	na	na	Ukraine Assist
Born of a Bloody Film	na	na	Ukraine Assist
Bright & Terrible	na	na	Ukraine Assist
Bring Back The Sun by Daniel da Silva	na	na	Ukraine Assist
Brit School Hijinks	na	na	Ukraine Assist
Bro Hunters	na	na	Ukraine Assist
Bryluen's Bachelorette Brawl	na	na	Ukraine Assist
Bugspeed Collider	na	na	Ukraine Assist
Build a Bard	na	na	Ukraine Assist
Build a Druid	na	na	Ukraine Assist
Build a Witch	na	na	Ukraine Assist
Bullet Beat	na	na	Ukraine Assist
Bumbling	na	na	Ukraine Assist
Bumpy Ride at Bore IX	na	na	Ukraine Assist
Bunflower	na	na	Ukraine Assist
Bunnies vs. Bunnies: Ukraine Edition	na	na	Ukraine Assist
Bunny Hill Horror: Bunny Boiler	na	na	Ukraine Assist
Butter Princess	na	na	Ukraine Assist
Butterflies Episode 2: Getting Up	na	na	Ukraine Assist
Button City	na	na	Ukraine Assist
Café El lobo aullador	na	na	Ukraine Assist
Candylight	na	na	Ukraine Assist
Captain Backwater	na	na	Ukraine Assist
Capture the Flag 5e	na	na	Ukraine Assist
Card Hog	na	na	Ukraine Assist
Cardful Planning	na	na	Ukraine Assist
Cardinal Cross	na	na	Ukraine Assist
CARRY ON - 24XX Monster Hunters	na	na	Ukraine Assist
Catlateral Damage: Remeowstered	na	na	Ukraine Assist
Central Fugitive	na	na	Ukraine Assist
Changelings	na	na	Ukraine Assist
Changes	na	na	Ukraine Assist
Chinese Ghost Stories We Tell Ourselves	na	na	Ukraine Assist
Chronicles of two Heroes	na	na	Ukraine Assist
Chronology: Time Changes Everything	na	na	Ukraine Assist
Climate Control - You Are Not A Burden	na	na	Ukraine Assist
Clink	na	na	Ukraine Assist
Cloud Gardens	na	na	Ukraine Assist
co-open	na	na	Ukraine Assist
Couch Goblins	na	na	Ukraine Assist
CrossCode	na	na	Ukraine Assist
Cruel World	na	na	Ukraine Assist
CRUST | Landing Page	na	na	Ukraine Assist
crystal anomaly	na	na	Ukraine Assist
Curious Comrades Vol. I	na	na	Ukraine Assist
Curious Expedition	na	na	Ukraine Assist
Curious Expedition Artbook	na	na	Ukraine Assist
Curse of the Emerald Sea	na	na	Ukraine Assist
Cut Up Solo - Triplanetary Lensman	na	na	Ukraine Assist
Cyberpunk Stealth Music/SFX Pack	na	na	Ukraine Assist
Danger Scavenger	na	na	Ukraine Assist
Dangerous Roads Ahead	na	na	Ukraine Assist
Dark Sheep	na	na	Ukraine Assist
Darkspace	na	na	Ukraine Assist
Dayscream	na	na	Ukraine Assist
Defend The Tower	na	na	Ukraine Assist
Déjà Vu	na	na	Ukraine Assist
Delay: Paying Attention to Energy Mechanics	na	na	Ukraine Assist
Delve Too Deep	na	na	Ukraine Assist
DELVE: A Solo Map Drawing Game	na	na	Ukraine Assist
Delver	na	na	Ukraine Assist
DEMONBREAKERS	na	na	Ukraine Assist
Demonizer	na	na	Ukraine Assist
Desolate Roads	na	na	Ukraine Assist
Detective Case and Clown Bot in: Murder in The Hotel Lisbon	na	na	Ukraine Assist
Devil's Dreams	na	na	Ukraine Assist
Die, Grave Robber, Die!	na	na	Ukraine Assist
Dino Island - The Four Crystals	na	na	Ukraine Assist
Dinos for Quest - Volume I	na	na	Ukraine Assist
Disparateum	na	na	Ukraine Assist
Don't Escape: 4 Days to Survive	na	na	Ukraine Assist
Dragon Drop	na	na	Ukraine Assist
Dragons in Space	na	na	Ukraine Assist
Drama! Drama! (and the Queen)	na	na	Ukraine Assist
Dream Quest	na	na	Ukraine Assist
Dreampunk (rulebook)	na	na	Ukraine Assist
Drew and the Floating Labyrinth	na	na	Ukraine Assist
Drinking & Intoxication: A D&D 5e Supplement	na	na	Ukraine Assist
dstnce.	na	na	Ukraine Assist
Duelist	na	na	Ukraine Assist
Duelists Of The Pages	na	na	Ukraine Assist
DUFE: Masquerade	na	na	Ukraine Assist
Dumpy & Bumpy	na	na	Ukraine Assist
Dungeon Escape	na	na	Ukraine Assist
Dwarves of Renidar	na	na	Ukraine Assist
Easy Credits for Unity	na	na	Ukraine Assist
El Gancho	na	na	Ukraine Assist
Elden: Path of the Forgotten	na	na	Ukraine Assist
Eldritch	na	na	Ukraine Assist
Elf Genders	na	na	Ukraine Assist
Eli Minimap for RPG Maker MV-MZ	na	na	Ukraine Assist
Eli QoL Commands 1 for RPG Maker	na	na	Ukraine Assist
Eli QoL Commands 2 for Rpg Maker MZ	na	na	Ukraine Assist
Enchanted Blend	na	na	Ukraine Assist
Endless Lands	na	na	Ukraine Assist
Enoch's Wake: A Player's Guide to the Infinite Void	na	na	Ukraine Assist
Evangeline	na	na	Ukraine Assist
Evergreen Wilds	na	na	Ukraine Assist
Evocación. Tell me your story / Cuéntame tu historia	na	na	Ukraine Assist
Eyewear Cleaner 2077	na	na	Ukraine Assist
Faceless Saints	na	na	Ukraine Assist
Faith & Sails	na	na	Ukraine Assist
Fake Chess	na	na	Ukraine Assist
FANGS - Minimal Vampires	na	na	Ukraine Assist
Fantastic Fetus: Prebirth	na	na	Ukraine Assist
Fantasy RPG Cursors (copper)	na	na	Ukraine Assist
Fantasy RPG Cursors (gold)	na	na	Ukraine Assist
Fantasy Towns Music Pack	na	na	Ukraine Assist
Fatum Betula	na	na	Ukraine Assist
FEVERPIT	na	na	Ukraine Assist
Feyna's Quest	na	na	Ukraine Assist
Filmmakers Without Cameras: The Second Issue	na	na	Ukraine Assist
Find Me	na	na	Ukraine Assist
Firemakaf	na	na	Ukraine Assist
for|rest	na	na	Ukraine Assist
Forget-Me-Not: Myosotis	na	na	Ukraine Assist
Fostering Apocalypse	na	na	Ukraine Assist
Fox Magic (first edition) bundle	na	na	Ukraine Assist
Frankenmonster Creaturestein	na	na	Ukraine Assist
From a Different Point of View: Victorian London	na	na	Ukraine Assist
Fur One Night Only! - Playbill Edition	na	na	Ukraine Assist
FURIOUS ROADS -  Postapoc Tricube Tales	na	na	Ukraine Assist
FURIOUS ROADS - Minimal Post-Apocalypse	na	na	Ukraine Assist
Fuse - Retro Fusion Music Loops	na	na	Ukraine Assist
FUTUREVOXIMAGINARIUMDOTEXEV1.1:DOGELOVEREDITION	na	na	Ukraine Assist
Galactic Bar Fight	na	na	Ukraine Assist
GalaxSeed	na	na	Ukraine Assist
Gambit: Suits edition	na	na	Ukraine Assist
Gambler's Heart	na	na	Ukraine Assist
Ghosts of war	na	na	Ukraine Assist
Gift of the Sea	na	na	Ukraine Assist
Gig Life	na	na	Ukraine Assist
Gigabit	na	na	Ukraine Assist
Gimmick in the Chaos Dimension	na	na	Ukraine Assist
Globetrotter's Guide to Greenery: Grasslands	na	na	Ukraine Assist
gloom reducer	na	na	Ukraine Assist
Goblins: Kwest 4 Sosijiz	na	na	Ukraine Assist
GoNNER	na	na	Ukraine Assist
Good Morning Hon	na	na	Ukraine Assist
Good Mourning	na	na	Ukraine Assist
Grackle Teeth	na	na	Ukraine Assist
GRAVITY Pilot!	na	na	Ukraine Assist
Green Things Grow From Cinders	na	na	Ukraine Assist
Grime House	na	na	Ukraine Assist
Hack FPS - Anniversary Edition	na	na	Ukraine Assist
Hack Grid	na	na	Ukraine Assist
Hairic RPG Minis - Hero Pack 01	na	na	Ukraine Assist
Hairic RPG Minis - Hero Pack 02	na	na	Ukraine Assist
Hanukkah Goblins	na	na	Ukraine Assist
Harvest Hero Origins	na	na	Ukraine Assist
Haunting	na	na	Ukraine Assist
Head AS Code	na	na	Ukraine Assist
Hearth & Candle	na	na	Ukraine Assist
Hellcraze	na	na	Ukraine Assist
Here & Far	na	na	Ukraine Assist
Héros d'Argile	na	na	Ukraine Assist
Hi (NAME), I'm Dad!	na	na	Ukraine Assist
Hiding Spot	na	na	Ukraine Assist
Home - A Unique Horror Adventure	na	na	Ukraine Assist
Homunculus Hotel	na	na	Ukraine Assist
Hope Is Not a Plan	na	na	Ukraine Assist
Hoplegs	na	na	Ukraine Assist
house interior asset pack !	na	na	Ukraine Assist
How Peculiar	na	na	Ukraine Assist
Humble Fonts - Gold II	na	na	Ukraine Assist
Hypnagogia ???? Boundless Dreams	na	na	Ukraine Assist
I'm a love interest in my childhood friend's reverse harem!!!	na	na	Ukraine Assist
Imaginaria	na	na	Ukraine Assist
inbento	na	na	Ukraine Assist
InBetween: Hungry Mouse	na	na	Ukraine Assist
INDEPENDANT VIDEO VIDEO GAME	na	na	Ukraine Assist
Infini	na	na	Ukraine Assist
INMOST	na	na	Ukraine Assist
Inner Tao	na	na	Ukraine Assist
International Waters	na	na	Ukraine Assist
Into the Forest	na	na	Ukraine Assist
Intra-System: Trust Issues	na	na	Ukraine Assist
Iron Edda Reforged: Season One - Jotunheim (ALPHA)	na	na	Ukraine Assist
It's Six Random Characters and a Single Floor Dungeon, That's the Whole Game	na	na	Ukraine Assist
Jupitron Game Collection Vol.4 - Middleware	na	na	Ukraine Assist
KENZIE'S PROJECT	na	na	Ukraine Assist
Kill the Superweapon	na	na	Ukraine Assist
KING IS DEAD	na	na	Ukraine Assist
Kingdom Two Crowns	na	na	Ukraine Assist
Klang 2	na	na	Ukraine Assist
Knight Bewitched	na	na	Ukraine Assist
Knight Bewitched 2	na	na	Ukraine Assist
KOBUILD	na	na	Ukraine Assist
Korpus: Buried over the Black Soil	na	na	Ukraine Assist
Lair of the Gobbler	na	na	Ukraine Assist
Last Fleet	na	na	Ukraine Assist
Lawn Buster for Hire	na	na	Ukraine Assist
Learn Japanese To Survive - Hiragana Battle	na	na	Ukraine Assist
Learn Japanese To Survive! Kanji Combat	na	na	Ukraine Assist
Leggite Luta Livre	na	na	Ukraine Assist
Lewi, Act I: Manae	na	na	Ukraine Assist
Liminal Horror	na	na	Ukraine Assist
little boats of farewell	na	na	Ukraine Assist
Little Burned Maiden	na	na	Ukraine Assist
Little World of Fates	na	na	Ukraine Assist
Lizard Lady vs the Cats	na	na	Ukraine Assist
Locus	na	na	Ukraine Assist
Loot the Plutes	na	na	Ukraine Assist
Lords of Eternity	na	na	Ukraine Assist
Lost Dreams	na	na	Ukraine Assist
LOST EONS Core Books	na	na	Ukraine Assist
LOST ORBIT: Terminal Velocity	na	na	Ukraine Assist
Lost Potato	na	na	Ukraine Assist
Lost To The Starlit Reptiles	na	na	Ukraine Assist
LouveSystems'  TrackMasters	na	na	Ukraine Assist
LOVE 2: kuso	na	na	Ukraine Assist
Lucha Libram!	na	na	Ukraine Assist
Lucifer Within Us	na	na	Ukraine Assist
Lunarrota	na	na	Ukraine Assist
Lutong Banwa	na	na	Ukraine Assist
Lydia	na	na	Ukraine Assist
LZ13	na	na	Ukraine Assist
Macbat 64	na	na	Ukraine Assist
Madball	na	na	Ukraine Assist
Magic & Misdeeds	na	na	Ukraine Assist
Magnibox	na	na	Ukraine Assist
Marginalia	na	na	Ukraine Assist
Mausritter: The Estate Adventure Collection	na	na	Ukraine Assist
Maze Of Bears	na	na	Ukraine Assist
Mech_Romancer Charity Bundle 2	na	na	Ukraine Assist
Medusa in the Sleeping Garden	na	na	Ukraine Assist
MENOS: PSI-SHATTER	na	na	Ukraine Assist
Meta Form	na	na	Ukraine Assist
Micro Dash	na	na	Ukraine Assist
Midnight Scenes Ep.1: The Highway (Special Edition)	na	na	Ukraine Assist
Midnight Scenes Ep.2: The Goodbye Note (Special Edition)	na	na	Ukraine Assist
Midnight Scenes: The Nanny	na	na	Ukraine Assist
Millikan's Reach	na	na	Ukraine Assist
MiniFolks - Humans	na	na	Ukraine Assist
MiniFolks - Orcs	na	na	Ukraine Assist
MiniFolks - Undead	na	na	Ukraine Assist
Mini's Magic World	na	na	Ukraine Assist
Minit Fun Racer	na	na	Ukraine Assist
MiTOS	na	na	Ukraine Assist
Monastery Battlemap (100 x 80)	na	na	Ukraine Assist
Monster Realm: Student Exchange Program	na	na	Ukraine Assist
MORIAH	na	na	Ukraine Assist
Mostly Harmless Meetings	na	na	Ukraine Assist
Move 'n' Bloom	na	na	Ukraine Assist
Muffin Fight	na	na	Ukraine Assist
Murder at the Cat Show	na	na	Ukraine Assist
My One True Wish	na	na	Ukraine Assist
Mysteries Under Lake Ophelia	na	na	Ukraine Assist
Mythmaker	na	na	Ukraine Assist
Nauticrawl	na	na	Ukraine Assist
Nebs 'n Debs (NES)	na	na	Ukraine Assist
Neon Depth	na	na	Ukraine Assist
NETWORK 23 (ENG)	na	na	Ukraine Assist
New Heights	na	na	Ukraine Assist
Newtraction	na	na	Ukraine Assist
Night Call	na	na	Ukraine Assist
Nina Aquila: Legal Eagle, Season One	na	na	Ukraine Assist
Nonsense Soccer	na	na	Ukraine Assist
O.R.B.I.T. Link	na	na	Ukraine Assist
Old Gods and Young Guns	na	na	Ukraine Assist
Only One Burn	na	na	Ukraine Assist
Operation STEEL	na	na	Ukraine Assist
Operator Overload OST	na	na	Ukraine Assist
Orchidelirium, Volume One: Expedition Rules	na	na	Ukraine Assist
Orion Video Player	na	na	Ukraine Assist
Other Minds	na	na	Ukraine Assist
Our Hero Neighbors 2E	na	na	Ukraine Assist
Panic Factory	na	na	Ukraine Assist
Paradise Killer Art Works	na	na	Ukraine Assist
Paradise Mountain - Chronicles of Spring & Autumn #1	na	na	Ukraine Assist
ParamediCats	na	na	Ukraine Assist
Paris Gondo - The Life-Saving Magic of Inventorying	na	na	Ukraine Assist
Parselings Core Rulebook (PDF)	na	na	Ukraine Assist
Parselings: Infer Memorial Station (PDF)	na	na	Ukraine Assist
Partition Sector	na	na	Ukraine Assist
Pastel Paradise	na	na	Ukraine Assist
Pawndemonium	na	na	Ukraine Assist
Penance	na	na	Ukraine Assist
Penumbra: A Trophy Dark Incursion	na	na	Ukraine Assist
Pig Eat Ball	na	na	Ukraine Assist
Pipe Push Paradise	na	na	Ukraine Assist
Pippu - Bauble Quest	na	na	Ukraine Assist
Pixel 64	na	na	Ukraine Assist
Pixel Side-Scroller - 17 Animated  Container Props	na	na	Ukraine Assist
Pixel Side-Scroller - 60 Animated Light Props	na	na	Ukraine Assist
Pixel Side-Scroller Plains Tileset	na	na	Ukraine Assist
Planedawn Orphans	na	na	Ukraine Assist
Plant Down	na	na	Ukraine Assist
Playing Kindly	na	na	Ukraine Assist
pocket change	na	na	Ukraine Assist
Portrait in a Room of Mirrors	na	na	Ukraine Assist
Project SNAQE	na	na	Ukraine Assist
PROLE	na	na	Ukraine Assist
Promesa	na	na	Ukraine Assist
PROVIDER	na	na	Ukraine Assist
Psychic Night School	na	na	Ukraine Assist
Psychoballs	na	na	Ukraine Assist
Pumpkin Eater	na	na	Ukraine Assist
pygame 4000 book	na	na	Ukraine Assist
Quest of Dungeons	na	na	Ukraine Assist
Quest Of Graal DX	na	na	Ukraine Assist
Questlandia	na	na	Ukraine Assist
qvke borg	na	na	Ukraine Assist
Rainbow Runaways	na	na	Ukraine Assist
RAYCATS!™ - NEW RELEASE!	na	na	Ukraine Assist
RB: Axolotl	na	na	Ukraine Assist
RD Mars	na	na	Ukraine Assist
Reaching in the Dark	na	na	Ukraine Assist
Ready Set Bake: a floury mini-RPG	na	na	Ukraine Assist
Recipe on Kmiydish Paper	na	na	Ukraine Assist
Redd's Runaway	na	na	Ukraine Assist
Regina & Mac	na	na	Ukraine Assist
reIterate()	na	na	Ukraine Assist
Reminiscence in the Night	na	na	Ukraine Assist
Renewal & Riot	na	na	Ukraine Assist
Resist & Remember	na	na	Ukraine Assist
Resynth	na	na	Ukraine Assist
Retro and Electronic Music Pack	na	na	Ukraine Assist
Révolution - RPG	na	na	Ukraine Assist
Revolver and Co	na	na	Ukraine Assist
Rhythm 'n Bullets	na	na	Ukraine Assist
Ribbons: A Setting Guide for Masks	na	na	Ukraine Assist
Rip Them Off	na	na	Ukraine Assist
Ripple	na	na	Ukraine Assist
RISE: A Game of Spreading Evil	na	na	Ukraine Assist
Rising Tide, a Paragon Playset	na	na	Ukraine Assist
RITE	na	na	Ukraine Assist
Rivals	na	na	Ukraine Assist
Roamers of the Dream	na	na	Ukraine Assist
Rodents with Guitars	na	na	Ukraine Assist
RogueSlide	na	na	Ukraine Assist
Roll for Confidence: A CMC Vignette	na	na	Ukraine Assist
Rosette Diceless Companion	na	na	Ukraine Assist
Route Me Mail and Delivery Co	na	na	Ukraine Assist
Rubies In Space™ (FULL GAME)	na	na	Ukraine Assist
Rune of Eternity	na	na	Ukraine Assist
Runecairn: Core Rules	na	na	Ukraine Assist
Rusty Lake Hotel	na	na	Ukraine Assist
RXP 2010: DELUXE LOVER'S PAQUE	na	na	Ukraine Assist
Sad Robot	na	na	Ukraine Assist
Safari Zone	na	na	Ukraine Assist
Sallow-Séance	na	na	Ukraine Assist
Salthaven	na	na	Ukraine Assist
Sarawak	na	na	Ukraine Assist
Sausage Sports Club	na	na	Ukraine Assist
SC: Monster Pack 2 - DELUXE EDITION	na	na	Ukraine Assist
Schildmaid MX	na	na	Ukraine Assist
SciFi Computer and Instruments	na	na	Ukraine Assist
Sci-Fi SFX Pack	na	na	Ukraine Assist
Sci-Fi Space - Customizable Pixelart Backgrounds	na	na	Ukraine Assist
Scramble Wizards	na	na	Ukraine Assist
Scrapyard Junkbots	na	na	Ukraine Assist
Sector 781	na	na	Ukraine Assist
seethe and scab	na	na	Ukraine Assist
Selection Process	na	na	Ukraine Assist
Serious Scramblers	na	na	Ukraine Assist
Session Zero	na	na	Ukraine Assist
Shell Out Showdown	na	na	Ukraine Assist
Shiny Gauntlet	na	na	Ukraine Assist
Short Coffee Cup	na	na	Ukraine Assist
Shredded Secrets	na	na	Ukraine Assist
SimonWL - The Art of 2020	na	na	Ukraine Assist
SimonWL - The Art of 2021	na	na	Ukraine Assist
SkateBIRD	na	na	Ukraine Assist
SKELERUN	na	na	Ukraine Assist
Skirmish: Wallet Friendly Wargaming	na	na	Ukraine Assist
Skyling : Garden Defense	na	na	Ukraine Assist
Slow Sleigh to Plankton Downs	na	na	Ukraine Assist
Sly Panda	na	na	Ukraine Assist
Snack Scoffer	na	na	Ukraine Assist
So You're in a Tavern	na	na	Ukraine Assist
Sodalitas	na	na	Ukraine Assist
Soft Focuses	na	na	Ukraine Assist
Soft Romance Ren'py GUI Design	na	na	Ukraine Assist
SOLAS 128	na	na	Ukraine Assist
Solo Roleplaying: A brief introduction	na	na	Ukraine Assist
Songs of the Northlanders	na	na	Ukraine Assist
Sonny	na	na	Ukraine Assist
Sophie's Safecracking Simulator	na	na	Ukraine Assist
Sound Typist	na	na	Ukraine Assist
SPACE / MECH / PILOT - THE UNIVERSE DRIVE 1.0	na	na	Ukraine Assist
Space Samurais	na	na	Ukraine Assist
Spaß Taxi	na	na	Ukraine Assist
Speckled Forest Battlemap (30 x 30)	na	na	Ukraine Assist
Spectre Moose is on the Loose!	na	na	Ukraine Assist
Spell Slingers: Trick or Treat	na	na	Ukraine Assist
SPLASH BLAST PANIC	na	na	Ukraine Assist
Spooky Raven Ren'py GUI Design	na	na	Ukraine Assist
Spooky Waltz	na	na	Ukraine Assist
Spring Comes Again	na	na	Ukraine Assist
Statuesque	na	na	Ukraine Assist
Stellar Interface	na	na	Ukraine Assist
Stepping into the Oblivion	na	na	Ukraine Assist
Stories to Astonish the World	na	na	Ukraine Assist
Strife of Cosmos	na	na	Ukraine Assist
SubDivide	na	na	Ukraine Assist
Sub-Uber-Marine	na	na	Ukraine Assist
Sudd City Adventures	na	na	Ukraine Assist
Sudoku Zenkai	na	na	Ukraine Assist
Sulphur Nimbus: Hel's Elixir	na	na	Ukraine Assist
Summer Gems	na	na	Ukraine Assist
Summer in Mara	na	na	Ukraine Assist
Summoner's Mess	na	na	Ukraine Assist
Sunken Island	na	na	Ukraine Assist
Sunlight	na	na	Ukraine Assist
Super Head Ball	na	na	Ukraine Assist
SUPERHOT	na	na	Ukraine Assist
Superstition	na	na	Ukraine Assist
Sweaters by Hedgehog	na	na	Ukraine Assist
Swim Out	na	na	Ukraine Assist
Sword Saga	na	na	Ukraine Assist
Sword's Edge	na	na	Ukraine Assist
T.A.R.S	na	na	Ukraine Assist
Taimumari: Definitive Edition	na	na	Ukraine Assist
Tarot Telling For Two	na	na	Ukraine Assist
Technicolour	na	na	Ukraine Assist
Temple Of Tangram	na	na	Ukraine Assist
Tenderfoot Tactics	na	na	Ukraine Assist
TENNNES	na	na	Ukraine Assist
Test Kitchen	na	na	Ukraine Assist
Thálassa	na	na	Ukraine Assist
The Anatomy of A Song	na	na	Ukraine Assist
The Arcade Tower	na	na	Ukraine Assist
THE BLACK IRIS	na	na	Ukraine Assist
The Black Pit	na	na	Ukraine Assist
The Broccoli Complex	na	na	Ukraine Assist
The Code Zone Retro Pack	na	na	Ukraine Assist
The Creature Comes for Us	na	na	Ukraine Assist
The Drain	na	na	Ukraine Assist
The Emperor's Orchard	na	na	Ukraine Assist
The Empire Never Ended	na	na	Ukraine Assist
The Fabulous Gays, Volume 1	na	na	Ukraine Assist
The Fantaballous Tilt	na	na	Ukraine Assist
The Firebringer	na	na	Ukraine Assist
The Flexorcists	na	na	Ukraine Assist
The Garden of the Spire Queen	na	na	Ukraine Assist
The Geography	na	na	Ukraine Assist
the girlfriend of my girlfriend is my friend!!	na	na	Ukraine Assist
The Great Bork Team	na	na	Ukraine Assist
The Great Soul Train Robbery—zine edition	na	na	Ukraine Assist
The Inflated Head Zone	na	na	Ukraine Assist
The Jellicle Chance	na	na	Ukraine Assist
The Jewel of the Sea	na	na	Ukraine Assist
The Land Beyond	na	na	Ukraine Assist
The Last Survey	na	na	Ukraine Assist
The Lay Of Our Land	na	na	Ukraine Assist
The Lemon King	na	na	Ukraine Assist
The Light at the End of the Ocean	na	na	Ukraine Assist
The Lost Cave of the Ozarks	na	na	Ukraine Assist
The Manse on Soracca	na	na	Ukraine Assist
The Map-a-Plot Deck	na	na	Ukraine Assist
THE MARTIAL CULT OF BLOOD KNIGHT GAIUS	na	na	Ukraine Assist
The Mole on PIRAD ONE - a corporate horror adventure for Mothership	na	na	Ukraine Assist
The Pack	na	na	Ukraine Assist
The Pamphlet of Pantheons	na	na	Ukraine Assist
The Partisan: A Beam Saber Playbook	na	na	Ukraine Assist
The perpetual broth	na	na	Ukraine Assist
The Pried Eye: A Trophy Dark Incursion	na	na	Ukraine Assist
The Rot King's Sanctum	na	na	Ukraine Assist
The Season	na	na	Ukraine Assist
The Selkie Envoy	na	na	Ukraine Assist
The Sink Gods	na	na	Ukraine Assist
The Starbreaker: A Beam Saber Playbook	na	na	Ukraine Assist
The Stirring Among The Stars: Book Two of the Dread Naught Trilogy	na	na	Ukraine Assist
The Third Sector	na	na	Ukraine Assist
The Time Traveler's Child	na	na	Ukraine Assist
The Truth About Jevallik	na	na	Ukraine Assist
The Vampire Next Door	na	na	Ukraine Assist
The Vitacernis	na	na	Ukraine Assist
The W.A.R Book - Masks: A New Generation Fan Supplement	na	na	Ukraine Assist
The Waiting	na	na	Ukraine Assist
The Warehouse	na	na	Ukraine Assist
The Wellspring: A Beam Saber Playbook	na	na	Ukraine Assist
The Wishing Stone	na	na	Ukraine Assist
The Witch's Almanac	na	na	Ukraine Assist
The Wizard's Co-Op	na	na	Ukraine Assist
The Wratch's Den ??	na	na	Ukraine Assist
There's A Wolf In Those Woods	na	na	Ukraine Assist
Thermo Puzzle	na	na	Ukraine Assist
These Old Bones	na	na	Ukraine Assist
THINGS TO THINK ABOUT	na	na	Ukraine Assist
Third Sphere	na	na	Ukraine Assist
Thirsty Sword Lesbians	na	na	Ukraine Assist
This Game Takes Place Entirely In A Mega Mart Parking Lot!	na	na	Ukraine Assist
This Game Takes Place in Your Home Town	na	na	Ukraine Assist
Tic Tac Together	na	na	Ukraine Assist
Time Enough	na	na	Ukraine Assist
Tiny Tales 2D Battler Pack Vol.3: Wild Beasts	na	na	Ukraine Assist
Tiny Tales: Human NPC Nobility Sprite Pack	na	na	Ukraine Assist
Tiny Tales: Overworld 2D Tileset Asset Pack	na	na	Ukraine Assist
Tiny Tales: Wild Beasts NPC Sprite Pack	na	na	Ukraine Assist
TITAN (ENG)	na	na	Ukraine Assist
To Stand Before the Dragon's Wrath	na	na	Ukraine Assist
Toree 2	na	na	Ukraine Assist
Toree 3D	na	na	Ukraine Assist
Tornbridge	na	na	Ukraine Assist
Toybox Aviation	na	na	Ukraine Assist
Transmission for Them	na	na	Ukraine Assist
Trash Planet (Beta)	na	na	Ukraine Assist
Trials of Melodosia	na	na	Ukraine Assist
Trick-Or-Treat Carta	na	na	Ukraine Assist
Twelve Hundred Words	na	na	Ukraine Assist
Two Summers	na	na	Ukraine Assist
Type The Entire Of Ulysses. That's it. That's the game.	na	na	Ukraine Assist
Ug! Caveman Game	na	na	Ukraine Assist
Ultimate Zombie Death Ball	na	na	Ukraine Assist
Ultra Hat Dimension	na	na	Ukraine Assist
UMBRA: A Solo Game of Final Frontiers	na	na	Ukraine Assist
Unbuild	na	na	Ukraine Assist
Unfinished - An Artist's Lament	na	na	Ukraine Assist
Unity Book I: Ascent	na	na	Ukraine Assist
Unity Book II: Distribution	na	na	Ukraine Assist
Unnamed Fairy Princess Game	na	na	Ukraine Assist
UPSQUID	na	na	Ukraine Assist
Vampire Night Shift	na	na	Ukraine Assist
Vampires of Neptune	na	na	Ukraine Assist
Viral Reload	na	na	Ukraine Assist
VOID	na	na	Ukraine Assist
Volatile	na	na	Ukraine Assist
Volcanic Sinkhole Battlemap (20 x 40)	na	na	Ukraine Assist
Volk-san: Egg&Catch	na	na	Ukraine Assist
Vulture	na	na	Ukraine Assist
Vylan	na	na	Ukraine Assist
Vylan Soundtrack	na	na	Ukraine Assist
Wand Wars	na	na	Ukraine Assist
Wanderers	na	na	Ukraine Assist
Wandersong	na	na	Ukraine Assist
WarpThrough	na	na	Ukraine Assist
Water Landing (Dracula Edition)	na	na	Ukraine Assist
Way of the Demon Slayer - A Paragon Playset	na	na	Ukraine Assist
Wayfarer's Deck: Depths of the Earth	na	na	Ukraine Assist
We Saved The World Once	na	na	Ukraine Assist
Welcome to Elk	na	na	Ukraine Assist
Welcome to the Hereafter Hotel	na	na	Ukraine Assist
What Crooked Roots for 5e	na	na	Ukraine Assist
What REALLY Happened.	na	na	Ukraine Assist
What's So Cool About Lucha Libre?	na	na	Ukraine Assist
What's So Rotten About Zombies Defending An Ancient Temple	na	na	Ukraine Assist
When The River Runs Dry Early Release	na	na	Ukraine Assist
Where Magic Died	na	na	Ukraine Assist
Where the Snow Settles	na	na	Ukraine Assist
Whispers from the Thousand Moons	na	na	Ukraine Assist
Whistling Wolf Café	na	na	Ukraine Assist
Wicked Congregation	na	na	Ukraine Assist
Widdershins (Keepsakes, first edition)	na	na	Ukraine Assist
Wights	na	na	Ukraine Assist
will i be strong enough for you?	na	na	Ukraine Assist
Witch You Were Here	na	na	Ukraine Assist
witching hour	na	na	Ukraine Assist
Wizard Pals	na	na	Ukraine Assist
WIZLORDS!	na	na	Ukraine Assist
World of Solaria: Sprite Pack	na	na	Ukraine Assist
World of Wyldrvir Core Book (Anniversary Edition)	na	na	Ukraine Assist
Wrapped With A Kiss	na	na	Ukraine Assist
Ynglet	na	na	Ukraine Assist
You are 100 Goblins, Now Go Save the World	na	na	Ukraine Assist
You are Me	na	na	Ukraine Assist
You Can Pet The Dog VR	na	na	Ukraine Assist
Yourself	na	na	Ukraine Assist
ZeroRanger	na	na	Ukraine Assist
Zombie Admin	na	na	Ukraine Assist
Zombusters	na	na	Ukraine Assist
Zzap!	na	na	Ukraine Assist
